customer_name,age,gender,related_purchases,job_title,job_industry_category,wealth_segment,owns_car,tenure,property_valuation,Rank,Value,residential_address,postcode,state
Chickie-Brister,64,Male,86,General Manager,Manufacturing,Mass Customer,Yes,14,6,1,1.719,45 Shopko Center,4500,QLD
Morly-Genery,51,Male,69,Structural Engineer,Property,Mass Customer,No,16,11,1,1.719,14 Mccormick Park,2113,NSW
Ardelis-Forrester,47,Female,10,Senior Cost Accountant,Financial Services,Affluent Customer,No,10,5,1,1.719,5 Colorado Crossing,3505,VIC
Lucine-Stutt,42,Female,64,Account Representative III,Manufacturing,Affluent Customer,Yes,5,1,4,1.703,207 Annamark Plaza,4814,QLD
Melinda-Hadlee,56,Female,34,Financial Analyst,Financial Services,Affluent Customer,No,19,9,4,1.703,115 Montana Place,2093,NSW
Druci-Brandli,70,Female,39,Assistant Media Planner,Entertainment,High Net Worth,Yes,22,7,6,1.672,89105 Pearson Terrace,4075,QLD
Rutledge-Hallt,45,Male,23,Compensation Analyst,Financial Services,Mass Customer,No,8,7,6,1.672,7 Nevada Crossing,2620,NSW
Nancie-Vian,48,Female,74,Human Resources Assistant II,Retail,Mass Customer,Yes,10,5,8,1.656,85 Carioca Point,4814,QLD
Duff-Karlowicz,49,Male,50,Speech Pathologist,Manufacturing,Mass Customer,Yes,5,10,8,1.656,717 West Drive,2200,NSW
Barthel-Docket,36,Male,72,Accounting Assistant IV,IT,Mass Customer,Yes,17,5,10,1.641,80 Scofield Junction,4151,QLD
Rockwell-Matson,26,Male,94,Programmer Analyst I,Retail,High Net Worth,No,3,6,10,1.641,3682 Crowley Point,4573,QLD
Wheeler-Winward,22,Male,48,Environmental Specialist,Manufacturing,Mass Customer,No,10,8,12,1.625,3 Golden Leaf Point,3216,VIC
Melba-Spellacy,45,Female,38,VP Marketing,Health,Mass Customer,No,4,10,14,1.594,0591 Anzinger Circle,2232,NSW
Mandie-Feares,57,Female,32,Clinical Specialist,Health,Mass Customer,No,10,8,14,1.594,39 Kedzie Pass,4053,QLD
Marcelia-Monkleigh,28,Female,61,Associate Professor,Manufacturing,Mass Customer,Yes,4,6,17,1.547,610 Swallow Street,4051,QLD
Winnifred-Beswetherick,45,Female,83,Actuary,Financial Services,Mass Customer,No,14,10,17,1.547,61 4th Street,3040,VIC
Odilia-Quick,83,Female,65,General Manager,Manufacturing,Affluent Customer,Yes,11,11,19,1.531,1550 Russell Way,2222,NSW
Karly-Willavize,67,Female,2,Internal Auditor,Manufacturing,High Net Worth,No,12,10,19,1.531,193 North Point,2190,NSW
Teddie-Burchill,53,Male,11,Programmer I,Manufacturing,Mass Customer,Yes,13,9,21,1.516,321 Raven Plaza,2161,NSW
Gaston-Dallaghan,28,Male,44,Financial Analyst,Financial Services,Mass Customer,Yes,8,7,21,1.516,656 Fuller Street,2783,NSW
Brena-Schnitter,39,Female,78,Account Executive,Manufacturing,Mass Customer,No,4,5,25,1.484,67 Shelley Street,4703,QLD
Dyane-Burwell,69,Female,19,Engineer II,Retail,Mass Customer,Yes,7,2,26,1.469,51 Hooker Court,2640,NSW
Claudine-Barstowk,55,Female,71,Nurse,Property,High Net Worth,Yes,5,11,26,1.469,1859 Forest Circle,4000,QLD
Blinnie-Roze,61,Female,84,Librarian,Entertainment,High Net Worth,No,11,7,26,1.469,44557 Rutledge Court,4171,QLD
Brien-Heaton,70,Male,70,Clinical Specialist,Health,Mass Customer,Yes,12,2,32,1.453,8 Novick Trail,2470,NSW
Sybilla-MacCart,34,Female,88,Paralegal,Financial Services,Mass Customer,Yes,7,7,32,1.453,74 Welch Pass,2620,NSW
Maisie-Maddox,44,Female,27,Assistant Manager,Financial Services,Affluent Customer,No,20,9,32,1.453,8 Dennis Point,3226,VIC
Arleen-Casbolt,46,Female,48,Senior Quality Engineer,Financial Services,Affluent Customer,Yes,13,1,36,1.448,41042 Lotheville Crossing,4817,QLD
Colene-Fishleigh,36,Female,24,Design Engineer,Financial Services,Mass Customer,No,3,10,42,1.422,44 Darwin Lane,3149,VIC
Gipsy-Ewestace,65,Female,29,Business Systems Development Analyst,Retail,High Net Worth,Yes,5,12,46,1.408,08708 Moulton Park,2034,NSW
Sheena-Kybbye,65,Female,14,Paralegal,Financial Services,Affluent Customer,Yes,19,1,46,1.408,306 Clemons Junction,4852,QLD
Gale-Disbrow,44,Female,59,Cost Accountant,Financial Services,Mass Customer,Yes,17,7,46,1.408,169 Bashford Drive,3741,VIC
Thaxter-Kingsbury,71,Male,12,Product Engineer,Argiculture,Mass Customer,No,20,12,50,1.406,3 Vermont Lane,2067,NSW
Taylor-Steuhlmeyer,22,Male,62,Paralegal,Financial Services,Affluent Customer,Yes,5,8,52,1.395,64 Mcguire Trail,4017,QLD
Griswold-Kelsall,28,Male,55,Social Worker,Health,High Net Worth,Yes,11,7,52,1.395,74127 Blaine Point,3805,VIC
Lavena-Seekings,26,Female,87,Payment Adjustment Coordinator,Retail,Mass Customer,No,16,10,54,1.381,293 Mayfield Street,3166,VIC
Martelle-Tuppeny,40,Female,52,Marketing Assistant,Manufacturing,Mass Customer,No,9,10,54,1.381,261 Grayhawk Way,2226,NSW
Briant-Ladley,42,Male,75,Recruiter,Argiculture,Mass Customer,No,12,8,57,1.375,2 Schlimgen Terrace,2750,NSW
Lorrie-Antonelli,38,Male,47,Cost Accountant,Financial Services,High Net Worth,Yes,17,7,57,1.375,06936 Bobwhite Circle,2257,NSW
Jedediah-Kedie,49,Male,31,Developer I,Argiculture,Mass Customer,Yes,9,9,62,1.368,283 Acker Drive,2763,NSW
Kaine-Smallcombe,79,Male,59,Senior Financial Analyst,Financial Services,High Net Worth,No,11,10,62,1.368,9 Mosinee Parkway,2072,NSW
Loise-Iltchev,54,Female,70,Electrical Engineer,Manufacturing,High Net Worth,Yes,17,6,62,1.368,45 Becker Place,4504,QLD
Cristen-Maroney,22,Female,22,Accountant IV,IT,High Net Worth,Yes,7,7,65,1.362,27 Karstens Crossing,4214,QLD
Dorothy-Barnardo,38,Female,58,Human Resources Manager,Retail,High Net Worth,No,12,8,65,1.362,9630 Cottonwood Avenue,2168,NSW
Rosmunda-Duxbarry,25,Female,69,Executive Secretary,Property,Affluent Customer,Yes,5,11,65,1.362,989 Graedel Terrace,4208,QLD
Rozamond-Riha,37,Female,54,Account Representative I,Manufacturing,Affluent Customer,Yes,16,7,68,1.355,76 Bartelt Center,4078,QLD
Gunner-Petti,22,Male,62,Executive Secretary,Financial Services,High Net Worth,Yes,3,5,68,1.355,29778 Mendota Drive,4036,QLD
Sherilyn-Canero,25,Female,11,Dental Hygienist,Health,High Net Worth,Yes,13,7,68,1.355,8288 Lyons Way,2484,NSW
Bessie-Roscow,27,Female,78,GIS Technical Architect,Financial Services,Mass Customer,No,9,10,72,1.35,4185 Florence Trail,2121,NSW
Kevina-Ferandez,22,Female,73,Assistant Professor,Financial Services,High Net Worth,No,15,9,72,1.35,9608 Heffernan Drive,4068,QLD
Hasheem-Groucock,47,Male,98,Budget/Accounting Analyst IV,Manufacturing,High Net Worth,Yes,10,12,72,1.35,12351 Spenser Pass,2034,NSW
Tobias-Woodhams,60,Male,0,Research Nurse,Health,Mass Customer,No,17,9,77,1.341,4 Valley Edge Plaza,2759,NSW
Glennis-Flintoff,65,Female,36,Speech Pathologist,Health,Affluent Customer,Yes,13,7,78,1.338,1601 Rutledge Lane,3030,VIC
Chanda-Mensler,49,Female,15,Computer Systems Analyst IV,Manufacturing,Mass Customer,Yes,13,10,78,1.338,0 Mockingbird Plaza,2212,NSW
Katheryn-Kinner,48,Female,15,Analyst Programmer,Entertainment,High Net Worth,No,6,6,78,1.338,1665 Kenwood Center,2518,NSW
Sumner-Carrivick,26,Male,53,Desktop Support Technician,Manufacturing,Mass Customer,No,15,12,78,1.338,5 4th Center,2097,NSW
Valerie-Pickover,56,Female,34,Editor,Financial Services,Mass Customer,No,9,8,78,1.338,92214 Spenser Road,2756,NSW
Gardie-Crellim,46,Male,58,Biostatistician IV,Manufacturing,High Net Worth,No,8,12,84,1.328,564 Forest Dale Avenue,3161,VIC
Sean-O'Loughlin,60,Male,48,Database Administrator III,Manufacturing,High Net Worth,Yes,16,10,85,1.325,83 Old Gate Point,2576,NSW
Marysa-Rouchy,22,Female,8,Assistant Media Planner,Entertainment,Affluent Customer,No,5,9,85,1.325,411 Twin Pines Way,2026,NSW
Ossie-Midden,71,Male,49,Physical Therapy Assistant,Manufacturing,Mass Customer,Yes,14,9,89,1.312,4915 Debra Center,2479,NSW
Sid-Carlone,50,Male,24,Structural Engineer,Health,Affluent Customer,No,16,2,89,1.312,76 Sunnyside Avenue,4670,QLD
Patricia-Everix,43,Female,34,Director of Sales,Health,Mass Customer,No,19,7,89,1.312,91164 Washington Terrace,2263,NSW
Symon-Mawne,78,Male,18,Human Resources Assistant IV,Property,Mass Customer,Yes,15,4,96,1.3,37439 High Crossing Circle,3350,VIC
Karlik-Penchen,27,Male,60,Nurse Practicioner,Retail,Mass Customer,No,11,6,96,1.3,5 Nevada Point,4017,QLD
Bengt-Bilson,49,Male,26,Structural Engineer,Manufacturing,High Net Worth,No,11,10,99,1.297,67 Grayhawk Circle,2232,NSW
Evangelin-Boc,21,Female,30,Structural Analysis Engineer,Manufacturing,High Net Worth,Yes,14,8,99,1.297,0 Meadow Ridge Street,3173,VIC
Hanny-Treven,30,Female,84,Associate Professor,Retail,Mass Customer,No,3,4,99,1.297,5 Quincy Street,4118,QLD
Gina-Mallon,27,Female,56,Dental Hygienist,Health,Mass Customer,No,12,2,102,1.288,13025 Johnson Plaza,4670,QLD
Reynold-Elman,81,Male,19,Marketing Manager,Manufacturing,Mass Customer,No,9,2,102,1.288,966 Sunnyside Center,2390,NSW
Flossy-Concannon,41,Female,64,Staff Accountant IV,Financial Services,Affluent Customer,No,8,2,104,1.288,802 Mallory Park,3919,VIC
Cristen-Wiltshire,60,Female,59,VP Sales,Financial Services,High Net Worth,Yes,15,6,104,1.288,93 Judy Drive,3047,VIC
Griffith-Escot,75,Male,50,Accountant III,IT,Mass Customer,Yes,16,3,104,1.288,94 Manitowish Court,4116,QLD
Jamie-Jiruca,58,Female,21,Recruiting Manager,Argiculture,Mass Customer,No,18,9,104,1.288,5013 Erie Crossing,2230,NSW
Lyon-Brittan,49,Male,14,Sales Representative,Retail,High Net Worth,No,19,8,104,1.288,540 Sachs Road,3153,VIC
Franciska-Stigell,53,Female,95,Food Chemist,Health,Mass Customer,Yes,7,7,111,1.281,6 Anderson Junction,3802,VIC
Jordan-Clampe,82,Male,37,Staff Scientist,Financial Services,Mass Customer,Yes,11,5,111,1.281,276 Westend Road,4207,QLD
Meriel-Tapp,26,Female,0,VP Sales,IT,Mass Customer,No,5,2,114,1.275,65 Milwaukee Hill,3280,VIC
Dolley-Starmont,44,Female,53,Geologist IV,Manufacturing,Affluent Customer,No,18,6,114,1.275,4252 Dovetail Pass,4129,QLD
Rollo-Louedey,75,Male,64,Information Systems Manager,Telecommunications,Affluent Customer,Yes,17,9,114,1.275,7 Cascade Park,2089,NSW
Jerrine-Cosbey,43,Female,21,Junior Executive,Financial Services,High Net Worth,Yes,6,9,114,1.275,29307 Russell Avenue,3094,VIC
Roddy-Rubinshtein,34,Male,37,Nurse Practicioner,Retail,Mass Customer,Yes,4,7,114,1.275,3 Mcguire Crossing,4510,QLD
Viki-Coutts,69,Female,2,Automation Specialist II,Property,Mass Customer,Yes,7,4,120,1.262,6 Golf View Alley,2287,NSW
Ashby-Bispham,40,Male,71,Software Consultant,Retail,Affluent Customer,No,4,8,120,1.262,83716 Russell Lane,2145,NSW
Peria-Rantoull,46,Female,3,Financial Analyst,Financial Services,Mass Customer,No,4,4,120,1.262,8350 Moulton Terrace,4500,QLD
Rebeca-Aggas,68,Female,66,Social Worker,Health,Affluent Customer,No,21,1,127,1.25,7026 Katie Lane,3818,VIC
Ricki-Dobrowski,46,Male,13,Civil Engineer,Manufacturing,Mass Customer,Yes,9,1,127,1.25,8 Eggendart Pass,2835,NSW
Georgetta-Lovett,81,Female,42,Editor,Retail,Mass Customer,No,12,1,127,1.25,1 Bluejay Place,4405,QLD
Bambi-Cogger,31,Female,51,Design Engineer,Retail,Affluent Customer,Yes,5,7,127,1.25,28970 Monument Lane,2560,NSW
Aurie-Rhead,59,Female,78,Geological Engineer,Manufacturing,Affluent Customer,Yes,5,2,127,1.25,235 Mendota Court,2650,NSW
Lacy-Drance,43,Female,27,Graphic Designer,Manufacturing,Affluent Customer,Yes,14,8,133,1.238,492 Waywood Lane,2750,NSW
Malorie-Votier,31,Female,90,Graphic Designer,Manufacturing,Affluent Customer,No,4,5,133,1.238,6160 Weeping Birch Hill,4509,QLD
Shepperd-Ricards,54,Male,28,Social Worker,Health,Mass Customer,Yes,16,4,133,1.238,7 Oakridge Lane,2284,NSW
Daryl-Pauncefort,42,Female,12,Community Outreach Specialist,Financial Services,Mass Customer,Yes,12,3,133,1.238,0 Dexter Parkway,2380,NSW
Norina-Blakeway,41,Female,60,Programmer Analyst II,Property,Mass Customer,Yes,3,8,133,1.238,75813 Lawn Lane,3081,VIC
My-Chaston,55,Male,92,Desktop Support Technician,Manufacturing,Affluent Customer,Yes,16,9,133,1.238,74613 Northport Park,3765,VIC
Isak-Bergstram,20,Male,14,Pharmacist,Health,Affluent Customer,Yes,15,9,142,1.235,68 Karstens Pass,2176,NSW
Grannie-Cracker,72,Male,28,VP Marketing,Retail,Mass Customer,Yes,20,8,142,1.235,87254 Hermina Pass,4217,QLD
Welby-Lourenco,45,Male,6,Senior Cost Accountant,Financial Services,High Net Worth,Yes,17,9,144,1.234,801 Atwood Alley,2138,NSW
Glenn-Casbourne,40,Female,4,Senior Editor,Manufacturing,Mass Customer,No,6,1,144,1.234,2 Morrow Alley,4207,QLD
Nadiya-Balasini,71,Female,40,Sales Associate,Financial Services,Mass Customer,No,15,9,146,1.225,92934 Mallory Trail,2164,NSW
Tyne-Coate,56,Female,82,Developer II,Manufacturing,Mass Customer,No,17,8,146,1.225,90820 Thackeray Street,2218,NSW
Christie-Anders,52,Male,38,VP Marketing,Retail,Mass Customer,No,16,10,146,1.225,48 Ludington Plaza,2153,NSW
Agnella-Capener,52,Female,58,Teacher,Health,High Net Worth,No,19,6,146,1.225,49185 Derek Circle,3977,VIC
Daisy-Spowart,54,Female,60,Staff Accountant I,Health,Affluent Customer,Yes,4,3,146,1.225,115 Westridge Road,4570,QLD
Denys-Minshall,59,Female,30,Environmental Tech,Manufacturing,Affluent Customer,Yes,14,8,152,1.222,7 Myrtle Lane,2324,NSW
Archibald-Blessed,52,Male,61,VP Sales,Financial Services,Mass Customer,Yes,18,11,153,1.219,7795 Memorial Drive,2016,NSW
Feodor-Englishby,60,Male,54,Account Coordinator,Health,Mass Customer,No,11,5,154,1.203,24695 Boyd Road,3201,VIC
Skippie-Yearsley,65,Male,6,Compensation Analyst,Financial Services,Mass Customer,No,9,5,155,1.2,95306 John Wall Avenue,4350,QLD
Tessa-Friese,45,Female,89,Health Coach II,Financial Services,Mass Customer,No,21,9,157,1.195,98158 Alpine Point,4212,QLD
Roseanne-Caruth,64,Female,16,Programmer Analyst III,Health,Mass Customer,No,7,9,158,1.188,33652 Lyons Alley,2763,NSW
Nichole-Leisman,35,Male,37,Geologist III,Property,Affluent Customer,No,4,12,158,1.188,35151 Bunker Hill Crossing,2068,NSW
Amil-Ennor,26,Female,23,Health Coach II,Health,Mass Customer,Yes,10,11,158,1.188,2093 Amoth Pass,3109,VIC
Shawna-Hinrichsen,52,Female,60,Assistant Professor,Manufacturing,Affluent Customer,Yes,9,2,163,1.182,57343 Eagan Avenue,2326,NSW
Robert-Corkill,45,Male,55,Clinical Specialist,Health,Mass Customer,No,4,10,166,1.175,5612 Toban Point,2227,NSW
Elvira-Kurten,48,Female,65,Assistant Professor,Financial Services,High Net Worth,No,12,3,166,1.175,65 Ridge Oak Court,2471,NSW
Juliana-Mitchenson,32,Female,55,Environmental Tech,Manufacturing,Mass Customer,Yes,8,4,166,1.175,74 Russell Terrace,4350,QLD
Regine-Bownes,69,Female,99,Senior Developer,Retail,Affluent Customer,No,15,9,166,1.175,255 Loeprich Lane,3752,VIC
Abner-Fraschetti,35,Male,33,Staff Scientist,Argiculture,Affluent Customer,No,13,7,166,1.175,67 Northport Avenue,3805,VIC
Sawyer-Sponton,65,Male,36,Help Desk Technician,Property,Mass Customer,Yes,10,11,166,1.175,5 Golf Terrace,2126,NSW
Feodor-Vickers,32,Male,60,VP Quality Control,Financial Services,Mass Customer,Yes,4,6,173,1.172,40809 Truax Way,2209,NSW
Paten-Cayet,26,Male,56,Assistant Manager,Manufacturing,Affluent Customer,Yes,16,1,174,1.169,1398 Burning Wood Way,3850,VIC
Loria-Tappington,66,Female,72,Research Assistant IV,Property,Mass Customer,No,5,8,174,1.169,3920 Swallow Junction,3038,VIC
Tanya-Kiefer,29,Female,54,Speech Pathologist,Telecommunications,High Net Worth,No,7,9,174,1.169,4 Warner Park,2146,NSW
Omero-McDonand,69,Male,51,Software Consultant,Manufacturing,Mass Customer,No,16,9,177,1.162,48 Shoshone Park,2066,NSW
Iain-Haversham,70,Male,92,Sales Representative,Retail,Mass Customer,Yes,13,10,177,1.162,170 Briar Crest Place,2120,NSW
Keriann-Newham,46,Female,71,Assistant Manager,Financial Services,Mass Customer,No,5,9,177,1.162,0193 Northland Street,4179,QLD
Conroy-Rappaport,56,Male,39,Assistant Manager,Health,High Net Worth,No,9,9,181,1.158,5219 Pearson Drive,2148,NSW
Dorian-Rustman,47,Male,78,Junior Executive,Manufacturing,Mass Customer,No,18,7,181,1.158,6156 Summit Center,4352,QLD
Harlin-Mazin,47,Male,34,Computer Systems Analyst I,Manufacturing,Mass Customer,Yes,13,7,181,1.158,735 Westridge Road,2454,NSW
Eustacia-Dornan,36,Female,68,Account Representative IV,Property,Mass Customer,No,5,9,181,1.158,1190 Hanson Street,3806,VIC
Maury-Galego,29,Male,65,Social Worker,Health,High Net Worth,Yes,3,10,181,1.158,370 Division Junction,3032,VIC
Reggie-Kernar,50,Female,26,Senior Editor,Financial Services,High Net Worth,No,17,10,181,1.158,90 Northport Hill,2228,NSW
Kinna-Kollasch,35,Female,7,Safety Technician I,Property,High Net Worth,No,9,10,188,1.156,232 Knutson Park,4060,QLD
Maurizio-Comi,25,Male,74,VP Product Management,IT,Affluent Customer,No,10,9,190,1.155,25805 Eagan Place,2766,NSW
Elbertina-Fendley,29,Female,32,Physical Therapy Assistant,Property,Affluent Customer,No,8,11,191,1.15,743 Debra Court,2117,NSW
Franklin-Wohler,83,Male,55,Clinical Specialist,Health,Mass Customer,Yes,7,8,191,1.15,6966 Delladonna Street,2250,NSW
Allyson-Petchell,51,Female,16,Human Resources Manager,Telecommunications,High Net Worth,No,10,8,191,1.15,98221 Pennsylvania Place,2170,NSW
Ermentrude-Heindle,52,Female,47,GIS Technical Architect,Argiculture,Mass Customer,No,7,10,191,1.15,307 Knutson Center,2226,NSW
Alanna-Lerway,77,Female,26,Dental Hygienist,Health,Mass Customer,Yes,11,12,195,1.148,593 Alpine Drive,3195,VIC
Vincent-Jopke,49,Male,6,Analog Circuit Design manager,Property,Affluent Customer,No,16,3,195,1.148,45788 Stang Plaza,3687,VIC
Charlena-Berney,55,Female,55,Geological Engineer,Manufacturing,High Net Worth,Yes,12,4,195,1.148,496 Logan Center,4207,QLD
Rosemonde-Cartwight,69,Female,44,Analyst Programmer,Retail,Mass Customer,Yes,7,1,202,1.141,518 Paget Hill,4605,QLD
Benoit-Harniman,45,Male,31,Research Assistant II,Telecommunications,Affluent Customer,No,9,7,206,1.138,1582 Bashford Drive,4018,QLD
Jenelle-Fearnill,63,Female,12,Social Worker,Health,High Net Worth,No,19,9,206,1.138,06 Old Gate Park,2144,NSW
Tannie-Gambrell,54,Male,92,Financial Analyst,Financial Services,Affluent Customer,No,4,4,206,1.138,49 Surrey Point,4710,QLD
Mick-Macewan,54,Male,32,Senior Cost Accountant,Financial Services,Mass Customer,No,16,10,206,1.138,59254 Northland Alley,2032,NSW
Tabbie-Curner,24,Male,12,Chief Design Engineer,Retail,Mass Customer,No,6,6,212,1.137,89 Parkside Street,3021,VIC
Shane-Killen,65,Male,28,Account Executive,Entertainment,High Net Worth,No,10,8,212,1.137,7 Hazelcrest Place,2165,NSW
Roberta-Goodale,74,Female,9,Information Systems Manager,Property,Mass Customer,Yes,22,7,215,1.129,013 David Junction,4211,QLD
Kippy-Barabisch,21,Male,11,Legal Assistant,Manufacturing,Mass Customer,No,4,11,215,1.129,840 Graceland Street,2125,NSW
Cami-Barnbrook,58,Female,8,Occupational Therapist,Health,Affluent Customer,Yes,18,2,218,1.126,890 Truax Lane,4285,QLD
Dorian-Stollen,41,Male,78,Statistician I,Financial Services,Mass Customer,Yes,18,11,219,1.125,72922 Cambridge Terrace,2026,NSW
Giorgi-O'Shirine,40,Male,68,Payment Adjustment Coordinator,Retail,Mass Customer,Yes,15,8,219,1.125,6 Novick Alley,3934,VIC
Kort-Disley,42,Male,66,Technical Writer,Health,Mass Customer,Yes,7,9,219,1.125,76 Donald Trail,2160,NSW
Tobiah-Heinsius,21,Male,66,Chief Design Engineer,Health,High Net Worth,No,9,8,223,1.116,3630 Dawn Crossing,2446,NSW
Hersh-Stubbert,21,Male,0,Technical Writer,Manufacturing,Mass Customer,Yes,15,8,226,1.112,68 Fairfield Street,4115,QLD
Wyn-Saynor,57,Male,54,Cost Accountant,Financial Services,High Net Worth,No,8,9,226,1.112,5 Briar Crest Road,2099,NSW
Maribeth-Stivani,67,Female,46,Associate Professor,Financial Services,Mass Customer,No,7,8,226,1.112,945 Bobwhite Court,2430,NSW
Abigale-Sives,58,Female,48,VP Marketing,Health,Affluent Customer,Yes,14,4,230,1.109,2 Glendale Center,4207,QLD
Gothart-Artus,43,Male,52,Health Coach IV,Health,Mass Customer,Yes,14,10,231,1.105,21824 Northridge Alley,2117,NSW
Danny-Bodle,78,Male,50,Statistician I,Manufacturing,Mass Customer,Yes,18,9,231,1.105,68 Anthes Park,2007,NSW
Deborah-Petrovsky,78,Female,53,Teacher,Property,Mass Customer,No,16,7,233,1.1,036 Redwing Street,2011,NSW
Latrena-Walklate,78,Female,97,Mechanical Systems Engineer,Telecommunications,High Net Worth,Yes,13,8,237,1.094,87 Sheridan Junction,2281,NSW
Leticia-Danovich,80,Female,84,Design Engineer,Entertainment,Mass Customer,Yes,15,1,237,1.094,2 Logan Avenue,4307,QLD
Farra-Matyushkin,47,Female,18,VP Quality Control,Manufacturing,High Net Worth,Yes,9,9,241,1.088,52761 Portage Crossing,3170,VIC
Robenia-Monks,62,Female,94,Nurse Practicioner,Manufacturing,Mass Customer,No,5,9,241,1.088,8 Fieldstone Street,4065,QLD
Roman-Eastwood,52,Male,57,Associate Professor,Manufacturing,Affluent Customer,Yes,16,4,241,1.088,8957 Anhalt Alley,3004,VIC
Solomon-Bruck,64,Male,29,Junior Executive,Health,Mass Customer,No,12,8,244,1.084,5 High Crossing Junction,4556,QLD
Katharine-Redbourn,54,Female,8,Recruiter,Manufacturing,Affluent Customer,Yes,4,10,244,1.084,178 Waxwing Trail,3134,VIC
Cammy-Stoneham,58,Female,74,Business Systems Development Analyst,Financial Services,High Net Worth,No,14,3,244,1.084,8648 Green Alley,4680,QLD
Ellsworth-Andrieux,50,Male,49,Senior Cost Accountant,Financial Services,Affluent Customer,Yes,10,7,248,1.078,08912 Carberry Place,4036,QLD
Federico-Leuty,43,Male,59,Product Engineer,Property,High Net Worth,Yes,11,4,249,1.076,720 Menomonie Crossing,2380,NSW
Ferdy-Hornung,47,Male,57,Analog Circuit Design manager,Entertainment,High Net Worth,No,18,3,250,1.075,0686 Hallows Trail,4506,QLD
Sunny-Christescu,46,Female,90,Cost Accountant,Financial Services,Mass Customer,No,11,10,250,1.075,6668 Blue Bill Park Plaza,2209,NSW
Shadow-Yakutin,54,Male,85,Software Test Engineer IV,Health,Affluent Customer,Yes,6,2,252,1.073,06 Dwight Park,4119,QLD
Sharai-Priddie,60,Female,13,Sales Representative,Retail,Mass Customer,No,9,9,252,1.073,5202 Crowley Place,2145,NSW
Celeste-Fretson,41,Female,91,Product Engineer,IT,Mass Customer,No,9,9,252,1.073,14709 Portage Avenue,2166,NSW
Lea-Ilyinski,24,Female,75,Structural Analysis Engineer,Financial Services,High Net Worth,No,12,12,252,1.073,895 Glendale Park,2026,NSW
Dyann-Olechnowicz,82,Female,17,Nuclear Power Engineer,Manufacturing,Mass Customer,No,16,10,252,1.073,0474 Bowman Hill,3031,VIC
Delly-Sunman,62,Female,49,Account Coordinator,Retail,Mass Customer,No,15,12,252,1.073,652 Fuller Terrace,3206,VIC
Kaela-Romaines,50,Female,41,Geological Engineer,Manufacturing,High Net Worth,No,19,10,259,1.062,9193 Prairieview Drive,2155,NSW
Evonne-Bembridge,52,Female,9,Recruiting Manager,Retail,Mass Customer,Yes,14,9,259,1.062,13272 Basil Avenue,3103,VIC
Shannen-Lewin,30,Female,21,Analog Circuit Design manager,Argiculture,High Net Worth,No,6,6,259,1.062,29 Aberg Crossing,4210,QLD
Bogey-Attew,29,Male,88,Software Engineer II,IT,Mass Customer,Yes,10,9,259,1.062,4 Monterey Road,4165,QLD
Zondra-Ringham,73,Female,36,Cost Accountant,Financial Services,Mass Customer,Yes,7,5,259,1.062,416 Lighthouse Bay Lane,4510,QLD
Barnebas-Apfel,25,Male,57,Account Executive,Manufacturing,Affluent Customer,Yes,2,6,259,1.062,05475 Elgar Place,4000,QLD
Gerri-Schimann,52,Female,81,Desktop Support Technician,Property,Mass Customer,Yes,18,8,259,1.062,47 Kim Terrace,2566,NSW
Antonietta-Egle,48,Female,82,Actuary,Financial Services,Mass Customer,No,7,7,259,1.062,590 Hagan Parkway,3805,VIC
Raff-Waycott,70,Male,70,Engineer IV,Manufacturing,Affluent Customer,Yes,14,7,259,1.062,94694 Eagle Crest Terrace,3977,VIC
Lark-Gonet,49,Female,89,Database Administrator II,Health,High Net Worth,No,8,8,259,1.062,261 Orin Center,2763,NSW
Cletis-Longley,25,Male,84,Chemical Engineer,Manufacturing,High Net Worth,Yes,1,7,271,1.06,667 Waxwing Plaza,3199,VIC
Theresa-Cowper,45,Female,99,Accountant III,Manufacturing,Mass Customer,No,3,10,271,1.06,88 Mifflin Pass,2529,NSW
Philbert-Raraty,65,Male,48,Executive Secretary,Manufacturing,Mass Customer,No,6,9,274,1.052,10 Dexter Park,2177,NSW
Egon-Ortells,45,Male,35,Structural Engineer,Manufacturing,Affluent Customer,No,13,9,274,1.052,3 Sundown Hill,2168,NSW
Timi-Duny,68,Female,70,Office Assistant II,Telecommunications,High Net Worth,No,6,12,274,1.052,39192 Glendale Alley,2092,NSW
Dominick-Asher,59,Male,50,Research Associate,Health,Affluent Customer,Yes,5,9,278,1.05,7307 Lake View Crossing,3804,VIC
Raye-Roo,45,Female,64,Database Administrator I,Financial Services,Mass Customer,Yes,16,9,278,1.05,1199 Express Plaza,3046,VIC
Becka-Hacon,56,Female,81,General Manager,Financial Services,Affluent Customer,No,17,9,278,1.05,1 Namekagon Point,3791,VIC
Verla-Dumingos,50,Female,26,Design Engineer,Telecommunications,Mass Customer,Yes,10,8,282,1.049,6784 Spohn Alley,3021,VIC
Sherrie-Godleman,43,Female,37,Associate Professor,Manufacturing,Mass Customer,No,19,2,282,1.049,67 Shelley Crossing,3350,VIC
Konstanze-Hovie,54,Female,88,Pharmacist,Health,Mass Customer,No,11,7,285,1.041,351 Sunfield Lane,4370,QLD
Bink-Bentje,64,Male,3,Payment Adjustment Coordinator,Financial Services,High Net Worth,Yes,19,3,285,1.041,8427 Moulton Place,2680,NSW
Taber-Szymon,74,Male,70,Senior Sales Associate,Argiculture,Affluent Customer,No,13,8,287,1.04,984 Del Sol Junction,4659,QLD
Giana-Staresmeare,45,Female,96,Account Representative IV,Retail,Affluent Customer,Yes,9,7,289,1.038,8737 Scoville Center,2770,NSW
Morton-Petkens,31,Male,50,Account Coordinator,Manufacturing,High Net Worth,Yes,10,1,289,1.038,385 Montana Place,3012,VIC
Paquito-Atwood,49,Male,15,Nuclear Power Engineer,Manufacturing,Affluent Customer,No,9,8,291,1.036,2 Magdeline Street,3199,VIC
Shelli-Bartholomaus,58,Female,88,Associate Professor,Health,Mass Customer,Yes,6,7,291,1.036,356 Carberry Avenue,3082,VIC
Kermit-Lebond,41,Male,36,Financial Advisor,Financial Services,Mass Customer,No,4,8,295,1.031,71 Ludington Center,4208,QLD
Biddie-Gorce,33,Female,68,Senior Financial Analyst,Financial Services,Mass Customer,Yes,5,7,295,1.031,2116 Continental Terrace,2795,NSW
Geoff-Sitford,56,Male,97,Account Executive,Financial Services,Mass Customer,Yes,4,8,297,1.031,7 Elgar Road,2148,NSW
Tiphanie-Blackader,74,Female,59,Physical Therapy Assistant,Retail,Mass Customer,No,17,11,297,1.031,71 Stone Corner Avenue,2007,NSW
Zollie-Crinidge,33,Male,39,Systems Administrator I,Retail,Mass Customer,Yes,10,5,297,1.031,0 Esker Avenue,4019,QLD
Daisy-Pollen,28,Female,97,Cost Accountant,Financial Services,Mass Customer,No,7,9,302,1.03,61825 Debs Terrace,3167,VIC
Emelen-Bidnall,40,Male,79,Systems Administrator IV,Health,Affluent Customer,Yes,11,12,302,1.03,11 Oak Terrace,2026,NSW
Manya-Abramovici,66,Female,42,Quality Engineer,Financial Services,High Net Worth,Yes,13,8,304,1.025,8 Randy Park,4214,QLD
Brynna-Tivers,47,Female,81,Recruiting Manager,Financial Services,Mass Customer,No,6,7,304,1.025,0 Mayfield Parkway,4272,QLD
Loleta-Aberdalgy,40,Female,45,Occupational Therapist,Health,Mass Customer,No,11,6,304,1.025,99 Westend Court,2287,NSW
Claudine-Dymick,56,Female,28,Design Engineer,Health,Mass Customer,No,5,5,312,1.02,31675 Corry Way,3977,VIC
Seamus-Cains,32,Male,61,Teacher,Manufacturing,High Net Worth,No,7,8,312,1.02,4882 Dakota Center,2305,NSW
Guss-Karim,53,Male,95,Senior Sales Associate,Manufacturing,Mass Customer,No,7,11,312,1.02,4 Warner Circle,2227,NSW
Roch-Symson,43,Female,96,Office Assistant I,Manufacturing,High Net Worth,No,18,9,312,1.02,016 Westport Park,3073,VIC
Audry-Fann,64,Female,3,Pharmacist,Health,Mass Customer,Yes,15,6,312,1.02,19 Debs Parkway,3029,VIC
Clari-Voas,66,Female,74,Human Resources Assistant II,Health,Affluent Customer,Yes,14,8,312,1.02,4110 Mifflin Center,2127,NSW
Zach-Hedman,40,Male,87,Analyst Programmer,Financial Services,Affluent Customer,Yes,4,9,320,1.016,62 Spaight Center,2566,NSW
Parnell-Lamprey,44,Male,23,Engineer III,Financial Services,High Net Worth,No,12,6,322,1.012,7353 Mallard Junction,2165,NSW
Honey-Gosdin,40,Female,0,Software Engineer I,Property,Mass Customer,No,17,9,322,1.012,066 Warner Trail,2582,NSW
Sonny-McCart,29,Male,35,Account Representative I,Manufacturing,High Net Worth,No,9,9,324,1.01,52752 Barby Hill,3020,VIC
Deirdre-Burgoine,66,Female,14,Programmer III,Health,High Net Worth,No,7,1,326,1.009,0 Stoughton Park,3000,VIC
Zechariah-McReidy,43,Male,32,Technical Writer,Manufacturing,High Net Worth,No,21,6,329,1.0,797 Westend Street,4207,QLD
Carry-Costi,49,Female,32,Senior Developer,Property,Mass Customer,No,11,4,329,1.0,5316 Farwell Hill,2800,NSW
Nil-Shirer,24,Male,64,Librarian,Entertainment,Mass Customer,Yes,7,8,329,1.0,4793 Mcbride Pass,3013,VIC
Erhard-O'Moylane,43,Male,33,Media Manager I,Retail,Affluent Customer,Yes,9,2,334,0.999,01124 Dottie Lane,3630,VIC
Vitia-Axtens,76,Female,62,Financial Advisor,Financial Services,Mass Customer,Yes,15,10,334,0.999,42681 Carey Alley,2011,NSW
Haskell-Moxted,78,Male,81,Civil Engineer,Manufacturing,Mass Customer,No,7,9,334,0.999,2941 Talisman Alley,2145,NSW
Ebony-Conrad,22,Female,8,Environmental Tech,Financial Services,Mass Customer,Yes,16,7,334,0.999,990 Hoffman Avenue,3029,VIC
Nicole-Ruckhard,52,Female,93,Human Resources Manager,Health,Affluent Customer,Yes,17,3,341,0.99,23694 Leroy Place,4560,QLD
Celestina-Lethardy,53,Female,38,Software Consultant,IT,Mass Customer,Yes,11,10,341,0.99,53 Memorial Street,3163,VIC
Tannie-Petrakov,70,Male,84,Data Coordiator,IT,Affluent Customer,No,10,6,341,0.99,691 Valley Edge Alley,4078,QLD
Bessy-Saladin,82,Female,22,VP Marketing,Manufacturing,Mass Customer,Yes,16,10,341,0.99,60073 Pankratz Pass,4075,QLD
Diego-Van den Broek,57,Male,17,Business Systems Development Analyst,Manufacturing,Affluent Customer,Yes,13,7,345,0.988,8 Schlimgen Drive,4055,QLD
Cissiee-Pollington,80,Female,43,Associate Professor,Property,Mass Customer,Yes,7,9,345,0.988,69710 Northfield Center,2256,NSW
Eddy-Sturch,60,Male,22,Software Consultant,Financial Services,High Net Worth,Yes,17,6,345,0.988,1 Kinsman Crossing,4158,QLD
Caron-Kezar,68,Female,11,Social Worker,Health,Mass Customer,No,5,1,349,0.988,40553 Rigney Avenue,2835,NSW
Sandor-Stirland,40,Male,67,Web Developer IV,Manufacturing,High Net Worth,No,12,10,349,0.988,48578 Farmco Park,3235,VIC
Delinda-Ech,77,Female,74,Environmental Specialist,Argiculture,Mass Customer,Yes,17,10,349,0.988,28 Golf View Terrace,3101,VIC
Hussein-Tapenden,68,Male,19,Pharmacist,Health,Affluent Customer,Yes,12,8,349,0.988,0197 Sachs Avenue,2747,NSW
Kaylyn-Jakaway,41,Female,45,Registered Nurse,Health,Affluent Customer,No,10,8,356,0.983,67 Heath Circle,2290,NSW
Brynn-Goodyear,77,Female,30,Human Resources Manager,Health,Mass Customer,Yes,11,7,356,0.983,3 Sheridan Lane,3075,VIC
Pace-Clemonts,31,Male,99,Media Manager IV,Retail,High Net Worth,No,10,7,358,0.98,335 Cambridge Hill,3122,VIC
Muffin-Grigolon,42,Male,7,Senior Editor,Telecommunications,Mass Customer,No,12,10,361,0.978,4597 Marcy Point,2232,NSW
Allsun-Biner,23,Female,67,Nurse Practicioner,Financial Services,Mass Customer,Yes,10,2,361,0.978,9 Walton Way,2641,NSW
Kenneth-Elleyne,64,Male,13,Technical Writer,Financial Services,Mass Customer,No,13,11,361,0.978,27429 Dottie Plaza,3145,VIC
Clotilda-Southers,22,Female,62,Computer Systems Analyst II,Financial Services,Mass Customer,Yes,15,4,361,0.978,42 Donald Hill,2323,NSW
Daisi-Tinwell,49,Female,84,Business Systems Development Analyst,Financial Services,Mass Customer,No,11,8,366,0.975,19561 Express Street,2777,NSW
Gerik-Woodroof,62,Male,18,Paralegal,Financial Services,High Net Worth,Yes,9,7,366,0.975,41 Kropf Road,3175,VIC
Arty-Fontelles,27,Male,50,Help Desk Technician,IT,High Net Worth,No,4,4,370,0.97,7872 South Junction,3197,VIC
Whit-Emloch,58,Male,30,Food Chemist,Health,Mass Customer,Yes,6,9,372,0.967,105 Carpenter Court,2220,NSW
Rowan-Summerly,47,Male,4,Librarian,Entertainment,Mass Customer,No,9,10,372,0.967,58231 Tomscot Plaza,2209,NSW
Ian-Rabat,46,Male,54,Web Designer I,Financial Services,Affluent Customer,No,11,11,372,0.967,3 Loeprich Point,3204,VIC
Harriet-Brattan,35,Female,81,Human Resources Assistant I,Financial Services,High Net Worth,No,2,1,378,0.956,66 Ruskin Parkway,3579,VIC
Sada-Branton,47,Female,34,Nuclear Power Engineer,Manufacturing,Affluent Customer,No,14,6,378,0.956,9736 Mitchell Pass,3199,VIC
Jenelle-Mc-Kerley,79,Female,40,Data Coordiator,Financial Services,Mass Customer,Yes,16,5,378,0.956,9 Springview Terrace,4068,QLD
Gabrila-Toopin,58,Female,7,Junior Executive,Manufacturing,Mass Customer,No,12,6,378,0.956,1914 Oakridge Place,2456,NSW
Almira-Mangion,25,Female,4,VP Product Management,Financial Services,Affluent Customer,Yes,2,12,382,0.95,179 Anzinger Center,2230,NSW
Arty-Strudwick,57,Male,85,Data Coordiator,Health,Mass Customer,Yes,8,10,382,0.95,62 Melrose Court,2211,NSW
Alexa-Dillet,77,Female,65,Product Engineer,Entertainment,Affluent Customer,No,17,7,382,0.95,84650 Novick Point,2261,NSW
Palmer-Heaven,26,Male,82,Staff Scientist,Financial Services,Affluent Customer,Yes,9,6,382,0.95,5 Hoard Parkway,3754,VIC
Porter-Buckenhill,67,Male,46,Help Desk Operator,Manufacturing,High Net Worth,Yes,9,7,386,0.946,376 Talmadge Street,4124,QLD
Giffie-Offill,28,Male,51,Structural Engineer,Telecommunications,Affluent Customer,No,5,3,386,0.946,89 Riverside Court,4740,QLD
Tamar-Windmill,82,Female,92,Senior Editor,Manufacturing,Affluent Customer,No,10,10,386,0.946,4669 Troy Place,2207,NSW
Kipp-Stockport,39,Male,36,Data Coordiator,Retail,Mass Customer,Yes,6,11,386,0.946,02 Roth Drive,2022,NSW
Packston-Wackett,71,Male,10,Quality Engineer,Financial Services,Mass Customer,No,19,9,386,0.946,7 Northridge Court,3192,VIC
Demetria-Bausor,60,Female,73,Assistant Media Planner,Entertainment,Mass Customer,Yes,9,12,396,0.938,97 Transport Plaza,2097,NSW
Lura-Fawdrie,19,Female,66,VP Sales,Health,Mass Customer,Yes,4,3,396,0.938,67183 Anniversary Parkway,4211,QLD
Estevan-Eastment,79,Male,54,Environmental Specialist,Health,Mass Customer,Yes,21,8,396,0.938,61926 Tomscot Hill,2019,NSW
Aloysius-Glowacz,42,Male,72,Financial Advisor,Financial Services,Affluent Customer,No,18,10,396,0.938,07 Susan Lane,2232,NSW
Bastien-Ibbeson,45,Male,53,Software Consultant,IT,Mass Customer,No,12,5,401,0.935,43094 Kedzie Pass,2487,NSW
Otha-Langworthy,54,Female,91,Senior Financial Analyst,Financial Services,Mass Customer,Yes,13,10,401,0.935,678 Lyons Trail,3130,VIC
Dwayne-Doel,43,Male,80,Cost Accountant,Financial Services,Affluent Customer,Yes,17,11,401,0.935,5642 Debs Terrace,2223,NSW
Leese-Huckleby,44,Female,67,Help Desk Operator,Manufacturing,High Net Worth,Yes,16,7,405,0.93,73 Riverside Trail,3777,VIC
Kippar-Brimilcome,83,Male,21,Graphic Designer,Health,Mass Customer,No,19,11,405,0.93,082 Welch Lane,2089,NSW
Corinna-Beretta,25,Female,24,Programmer III,Health,High Net Worth,No,12,7,408,0.93,72 Mccormick Circle,3023,VIC
Laurie-Odlin,38,Female,75,Social Worker,Health,High Net Worth,No,10,10,409,0.925,15669 Arizona Trail,3194,VIC
Tanner-Terlinden,26,Male,84,Nuclear Power Engineer,Manufacturing,Mass Customer,No,14,11,409,0.925,2637 Monument Trail,3106,VIC
Hilliard-Dullard,67,Male,65,Civil Engineer,Manufacturing,Mass Customer,No,17,8,409,0.925,37919 Old Gate Park,2163,NSW
Justinn-Haruard,63,Female,48,Health Coach IV,Health,High Net Worth,No,11,12,414,0.924,00 Judy Terrace,2035,NSW
Art-Shardlow,58,Male,57,Data Coordiator,Argiculture,Mass Customer,Yes,15,2,415,0.922,7 Clemons Circle,4350,QLD
Dennis-Varnham,68,Male,57,Assistant Media Planner,Entertainment,Affluent Customer,No,17,3,415,0.922,6455 Mayfield Street,3350,VIC
Freddi-Litherborough,32,Female,46,Product Engineer,Financial Services,Mass Customer,No,7,3,418,0.918,7873 Meadow Vale Plaza,2460,NSW
Salomon-Perkins,23,Male,76,Engineer IV,Financial Services,Affluent Customer,Yes,1,10,419,0.916,45 Banding Hill,2009,NSW
Etan-Prinett,51,Male,97,Operator,Argiculture,Mass Customer,Yes,10,8,420,0.914,9082 Waywood Avenue,2250,NSW
Donaugh-Benedict,30,Male,3,Systems Administrator III,Property,Mass Customer,No,12,9,420,0.914,30049 Brown Road,2233,NSW
Harwell-Kleinstein,28,Male,87,Sales Representative,Retail,Affluent Customer,No,15,5,420,0.914,7 Huxley Trail,3818,VIC
Cheston-Hritzko,76,Male,70,Software Engineer III,Manufacturing,Mass Customer,Yes,19,9,420,0.914,3 Service Center,2127,NSW
Suzy-Trounson,74,Female,13,Senior Financial Analyst,Financial Services,Mass Customer,Yes,20,9,420,0.914,0627 Golf Center,4152,QLD
Guenna-Filisov,52,Female,52,Chemical Engineer,Manufacturing,High Net Worth,No,13,9,427,0.912,43 Stoughton Drive,2154,NSW
Opal-Cleare,44,Female,6,Database Administrator II,Property,Affluent Customer,Yes,20,9,429,0.91,247 Blue Bill Park Parkway,2066,NSW
Kipper-Circuit,47,Male,23,Research Assistant IV,Argiculture,Mass Customer,Yes,4,8,430,0.91,3867 Barby Hill,2140,NSW
Marilin-Frome,46,Female,58,Account Executive,IT,Mass Customer,Yes,17,9,430,0.91,52 Bobwhite Court,2219,NSW
Arel-Abramovitz,64,Male,72,Nurse Practicioner,Health,Mass Customer,No,16,4,433,0.906,32249 Sycamore Way,4650,QLD
Kit-Easdon,43,Male,61,Director of Sales,Property,Affluent Customer,No,12,8,433,0.906,3 Roth Junction,3156,VIC
Skipp-Swales,48,Male,15,Community Outreach Specialist,Entertainment,High Net Worth,Yes,22,7,436,0.903,76 Green Ridge Drive,3029,VIC
Frederich-Glantz,24,Male,37,Nuclear Power Engineer,Manufacturing,High Net Worth,Yes,10,8,436,0.903,9 Glacier Hill Circle,2762,NSW
Rodolph-Denniss,47,Male,28,Geologist III,Property,Affluent Customer,Yes,7,2,436,0.903,91281 Transport Center,3356,VIC
Craggie-Dering,69,Male,47,Actuary,Financial Services,Mass Customer,No,7,10,436,0.903,11 Paget Road,2125,NSW
Giralda-MacPeake,80,Female,59,Librarian,Entertainment,High Net Worth,Yes,14,1,441,0.901,6 Killdeer Way,2705,NSW
Rodney-Trethewey,24,Male,16,Software Consultant,Financial Services,Affluent Customer,No,15,8,441,0.901,737 Service Lane,3030,VIC
Gleda-Howerd,57,Female,59,Senior Developer,IT,Mass Customer,No,6,2,444,0.9,481 Moulton Place,2440,NSW
Melany-Ladewig,49,Female,76,Research Associate,Financial Services,Mass Customer,Yes,10,7,444,0.9,3864 Sheridan Alley,4130,QLD
Claudell-Rounsefell,28,Male,67,VP Sales,Financial Services,Affluent Customer,No,8,5,444,0.9,61416 Karstens Place,4217,QLD
Garwin-Nurden,63,Male,54,Programmer I,Property,High Net Worth,Yes,5,11,444,0.9,0 Union Parkway,3142,VIC
Bunny-Leebetter,55,Female,83,Quality Engineer,Manufacturing,High Net Worth,Yes,8,4,444,0.9,4 Lukken Lane,4301,QLD
Matias-Melloi,44,Male,61,Legal Assistant,Retail,Affluent Customer,No,11,10,444,0.9,1507 Schlimgen Trail,2155,NSW
Anet-Roseman,25,Female,84,Programmer Analyst III,Financial Services,Mass Customer,No,9,4,450,0.9,31 Melody Circle,3814,VIC
Katie-Warhurst,30,Female,0,Help Desk Operator,Retail,High Net Worth,Yes,14,5,450,0.9,96 Rutledge Drive,3064,VIC
Celia-Bryden,78,Female,12,Chemical Engineer,Manufacturing,High Net Worth,No,21,9,450,0.9,2905 Towne Place,2114,NSW
Stearne-Trolley,39,Male,42,Automation Specialist IV,Financial Services,High Net Worth,No,14,11,450,0.9,638 Caliangt Avenue,2137,NSW
Tristam-Larose,36,Male,70,VP Accounting,Financial Services,Mass Customer,No,17,11,455,0.892,9645 Moose Terrace,2137,NSW
Heloise-Fairpool,45,Female,17,Information Systems Manager,Manufacturing,High Net Worth,No,17,3,455,0.892,005 Loeprich Way,4680,QLD
Marcellina-Baynton,74,Female,60,Software Engineer III,Financial Services,Mass Customer,No,16,10,455,0.892,56 Comanche Terrace,3141,VIC
Lucky-Klainman,74,Female,24,Chief Design Engineer,Retail,Mass Customer,No,8,4,455,0.892,0796 Barnett Plaza,3758,VIC
Erasmus-Olenchenko,56,Male,56,Software Test Engineer IV,Property,Mass Customer,Yes,5,7,464,0.891,415 Rockefeller Trail,2484,NSW
Carita-Sand,44,Female,25,Quality Engineer,Retail,Mass Customer,No,16,11,464,0.891,846 Loftsgordon Crossing,2154,NSW
Lynnett-Tipper,28,Female,22,Social Worker,Health,High Net Worth,Yes,2,10,466,0.89,9 Ridgeview Avenue,3109,VIC
Thorn-Stigers,49,Male,42,Business Systems Development Analyst,Financial Services,Mass Customer,No,19,8,466,0.89,6218 Delladonna Parkway,4115,QLD
Norah-Mapis,21,Female,75,Assistant Manager,Argiculture,Mass Customer,No,10,9,468,0.89,057 Victoria Crossing,2263,NSW
Moina-Rosenbaum,20,Female,50,Graphic Designer,IT,Mass Customer,No,14,10,468,0.89,0 Memorial Road,3109,VIC
Ceciley-Harg,31,Female,50,Nurse Practicioner,Retail,Mass Customer,Yes,4,7,471,0.888,409 Starling Lane,4172,QLD
Torry-de la Valette Parisot,54,Male,95,VP Marketing,Telecommunications,Mass Customer,Yes,18,9,471,0.888,36963 Pierstorff Terrace,3168,VIC
Sigismund-Sedger,22,Male,9,Accountant II,Manufacturing,Affluent Customer,No,7,10,473,0.884,8069 Sunbrook Way,2155,NSW
Irvine-Headon,65,Male,99,Geologist III,IT,Affluent Customer,Yes,20,5,473,0.884,9 Hovde Way,2322,NSW
Tomkin-Bernlin,19,Male,7,Food Chemist,Health,Affluent Customer,Yes,9,3,475,0.882,0492 Kings Street,2480,NSW
Genni-Fanstone,49,Female,25,Administrative Assistant II,Entertainment,Mass Customer,No,16,10,475,0.882,1 Fair Oaks Alley,3149,VIC
Carola-Philler,70,Female,73,Dental Hygienist,Health,High Net Worth,No,15,7,478,0.88,1037 Roth Park,2145,NSW
Fitzgerald-Hellikes,42,Male,25,Media Manager IV,Health,Mass Customer,Yes,10,7,478,0.88,315 Center Park,3040,VIC
Ingmar-Okenden,62,Male,97,Compensation Analyst,Financial Services,Mass Customer,Yes,8,2,478,0.88,1 Graceland Plaza,3216,VIC
Tina-Dunstan,82,Female,13,Account Representative IV,Retail,Affluent Customer,No,13,7,483,0.877,98555 Victoria Hill,2171,NSW
Adolpho-Bellerby,77,Male,46,VP Sales,Financial Services,High Net Worth,Yes,13,4,486,0.875,2763 Buhler Circle,4305,QLD
Kelsey-Hatt,55,Female,69,Senior Sales Associate,Financial Services,High Net Worth,No,8,6,486,0.875,309 Maple Wood Pass,3930,VIC
Alexina-Mabley,46,Female,72,Web Designer IV,Manufacturing,Mass Customer,Yes,10,9,486,0.875,9 Rieder Junction,2573,NSW
Dawn-Pyffe,56,Female,56,Media Manager III,Retail,Mass Customer,No,11,8,492,0.871,734 Veith Way,3155,VIC
Claudette-Renackowna,25,Female,55,Administrative Officer,Manufacturing,Mass Customer,No,2,8,492,0.871,0800 Dahle Alley,2148,NSW
Anthony-Lindstrom,24,Male,86,Geologist IV,Financial Services,Affluent Customer,Yes,10,10,495,0.863,427 Oak Avenue,2205,NSW
Liane-Poizer,69,Female,59,Analyst Programmer,Property,High Net Worth,No,13,11,495,0.863,390 Express Plaza,2076,NSW
Renell-Earley,67,Female,5,Compensation Analyst,Financial Services,Mass Customer,Yes,11,5,500,0.86,79 Manufacturers Plaza,4171,QLD
Cliff-Philipsson,54,Male,82,Structural Analysis Engineer,Argiculture,Mass Customer,No,16,10,500,0.86,600 Artisan Drive,3149,VIC
George-Jose,61,Male,68,Payment Adjustment Coordinator,Retail,High Net Worth,Yes,20,4,504,0.85,535 Corben Point,4680,QLD
Katleen-Arnoult,45,Female,6,VP Product Management,Manufacturing,Mass Customer,Yes,13,9,507,0.85,540 Farragut Avenue,2066,NSW
Inglebert-Aspinal,48,Male,4,Financial Analyst,Financial Services,Mass Customer,No,11,8,507,0.85,612 Annamark Center,2176,NSW
Jammal-Devenny,22,Male,57,Marketing Manager,Retail,High Net Worth,No,12,9,507,0.85,18 Sage Plaza,3152,VIC
Adriane-Richardson,45,Female,81,Data Coordiator,Manufacturing,High Net Worth,No,9,8,513,0.842,4 Randy Street,3070,VIC
Emelia-Ackwood,33,Female,72,Senior Cost Accountant,Financial Services,Mass Customer,Yes,10,9,515,0.839,1 South Street,4183,QLD
Sofie-Worsfold,67,Female,87,Environmental Tech,Retail,Mass Customer,Yes,9,6,520,0.838,7 Maple Wood Plaza,4125,QLD
Elmira-Vasilyev,70,Female,33,Senior Quality Engineer,Manufacturing,High Net Worth,No,12,9,520,0.838,12 Eastlawn Terrace,2007,NSW
Worthington-Cohane,30,Male,60,Chief Design Engineer,Entertainment,High Net Worth,No,2,12,520,0.838,846 Daystar Lane,2000,NSW
Bailey-Bereford,71,Male,44,Senior Sales Associate,Argiculture,Affluent Customer,Yes,11,6,524,0.837,36 Golf Course Circle,2444,NSW
Perry-Whitehurst,41,Male,79,Structural Engineer,Manufacturing,High Net Worth,Yes,8,7,524,0.837,0 Nelson Crossing,3155,VIC
Antony-Tuma,67,Male,11,Environmental Tech,Telecommunications,High Net Worth,Yes,13,10,526,0.833,93264 Almo Plaza,3078,VIC
Nico-Chadwick,68,Male,97,Research Assistant IV,Financial Services,Affluent Customer,No,13,8,526,0.833,355 Roxbury Lane,3190,VIC
Ivy-Farr,48,Female,56,Office Assistant IV,IT,High Net Worth,No,19,11,530,0.829,08470 Kingsford Lane,2120,NSW
Hilario-McCulloch,35,Male,61,Physical Therapy Assistant,Retail,Mass Customer,No,8,8,530,0.829,799 Luster Road,3051,VIC
Jim-Haddrell,66,Male,55,Associate Professor,Financial Services,Mass Customer,No,9,3,530,0.829,53 Dryden Trail,2358,NSW
Jacobo-Mucklow,69,Male,62,Computer Systems Analyst I,Financial Services,High Net Worth,Yes,22,8,530,0.829,5512 Ronald Regan Hill,3122,VIC
Gretel-Paschke,65,Female,10,Editor,Financial Services,Mass Customer,Yes,17,7,536,0.825,72 Melrose Street,4074,QLD
Jethro-Mertel,43,Male,16,Software Consultant,Argiculture,Mass Customer,Yes,15,6,536,0.825,3460 Dapin Street,2262,NSW
Dwain-Hatch,27,Male,62,Marketing Assistant,Health,Affluent Customer,No,15,8,536,0.825,5 Hovde Lane,3028,VIC
Lucretia-D'Agostini,43,Female,41,Database Administrator III,Manufacturing,High Net Worth,No,15,7,536,0.825,4 Gale Center,3185,VIC
Claude-Bowstead,24,Female,37,Accounting Assistant III,Manufacturing,Mass Customer,No,7,12,536,0.825,5263 Stone Corner Crossing,2217,NSW
Donn-MacGregor,56,Male,80,Civil Engineer,Manufacturing,High Net Worth,No,5,10,536,0.825,0439 Mandrake Park,2046,NSW
Laurel-Devennie,45,Female,78,VP Product Management,Manufacturing,Affluent Customer,No,13,5,536,0.825,069 Hoard Pass,4352,QLD
Elvira-Darthe,46,Female,10,Accounting Assistant I,Financial Services,Affluent Customer,No,16,9,536,0.825,89 Green Ridge Point,2168,NSW
Angie-Tansley,71,Male,68,VP Sales,Manufacturing,Mass Customer,No,8,7,544,0.824,8 Cardinal Junction,2444,NSW
Terrence-Dalligan,23,Male,60,Chemical Engineer,Manufacturing,High Net Worth,Yes,2,6,544,0.824,240 Main Hill,3200,VIC
Katy-Crooke,44,Female,0,Food Chemist,Health,Mass Customer,No,13,12,546,0.823,67081 Burrows Center,2111,NSW
Sammy-Borsi,49,Female,99,Accountant III,Financial Services,Mass Customer,No,5,7,546,0.823,0 Kipling Way,2289,NSW
Morganica-Ainsbury,48,Female,37,Senior Editor,Entertainment,High Net Worth,Yes,9,10,546,0.823,1 Raven Way,2151,NSW
Nils-Champion,37,Male,69,Programmer III,Retail,Affluent Customer,No,13,9,549,0.82,261 Holy Cross Park,2750,NSW
Beverlee-Querree,30,Female,42,Marketing Manager,Financial Services,High Net Worth,Yes,12,12,549,0.82,891 Ohio Terrace,2075,NSW
Cami-Eitter,42,Female,34,Professor,Manufacturing,High Net Worth,Yes,11,9,551,0.818,1408 Hovde Circle,3081,VIC
Reiko-Degenhardt,45,Female,83,Financial Analyst,Financial Services,High Net Worth,Yes,5,6,552,0.816,50897 Northfield Road,4280,QLD
Cord-Dunsmore,22,Male,12,Internal Auditor,Manufacturing,Mass Customer,Yes,13,3,552,0.816,596 Boyd Park,4301,QLD
Gabey-Kennicott,63,Female,55,Developer I,Financial Services,Affluent Customer,No,17,6,552,0.816,8 Fordem Place,2322,NSW
Jacqui-Devey,26,Female,79,Analyst Programmer,Financial Services,High Net Worth,Yes,13,8,555,0.812,656 Kennedy Crossing,2261,NSW
Byrom-Ramas,28,Male,23,Help Desk Technician,Manufacturing,High Net Worth,No,12,7,555,0.812,2 Jackson Place,2528,NSW
Worthington-Ahmed,49,Male,79,Senior Cost Accountant,Financial Services,High Net Worth,No,13,3,555,0.812,39408 Manufacturers Road,3335,VIC
Chico-Dye,27,Male,46,Speech Pathologist,Manufacturing,High Net Worth,No,13,9,555,0.812,168 Schlimgen Center,2526,NSW
Davidde-Cockroft,74,Male,70,Geological Engineer,Manufacturing,High Net Worth,No,8,12,555,0.812,8 Kim Avenue,2158,NSW
Charlie-Dmych,71,Male,60,Account Coordinator,Manufacturing,High Net Worth,No,13,6,555,0.812,920 Cambridge Way,2263,NSW
Barth-Sapshed,27,Male,4,Executive Secretary,Financial Services,Mass Customer,Yes,13,10,563,0.808,65 Milwaukee Lane,4520,QLD
Padriac-Collacombe,54,Male,67,Software Consultant,Health,Affluent Customer,No,13,10,563,0.808,76 Mendota Park,2090,NSW
Olive-Mozzi,66,Female,87,Account Representative IV,Retail,Affluent Customer,Yes,20,9,563,0.808,26667 Rigney Place,2567,NSW
Benedict-Rosas,66,Male,73,Actuary,Financial Services,High Net Worth,Yes,15,6,563,0.808,898 Muir Court,2142,NSW
Virginia-De Antoni,57,Female,17,Executive Secretary,Telecommunications,High Net Worth,Yes,12,10,563,0.808,88093 Pierstorff Plaza,2030,NSW
Oswald-MacCarlich,30,Male,81,Assistant Media Planner,Entertainment,Mass Customer,No,14,1,568,0.8,16 Mosinee Place,4717,QLD
Ailyn-Howgate,20,Female,66,Electrical Engineer,Manufacturing,Mass Customer,Yes,2,7,568,0.8,197 Northport Plaza,4213,QLD
Karol-Salthouse,53,Female,53,Research Assistant III,Financial Services,Mass Customer,Yes,18,8,568,0.8,10236 Mifflin Avenue,2570,NSW
Esdras-Birchett,71,Male,81,Assistant Media Planner,Entertainment,Mass Customer,Yes,21,9,568,0.8,5287 Clarendon Plaza,2258,NSW
Wilfrid-Gertray,79,Male,1,Accounting Assistant I,Financial Services,Mass Customer,No,16,8,568,0.8,38407 Sutteridge Circle,2766,NSW
Charmain-Styles,56,Female,49,Programmer Analyst I,Property,High Net Worth,Yes,18,7,574,0.799,423 Holy Cross Lane,3029,VIC
Bobby-Summersby,78,Male,90,Sales Associate,Financial Services,Affluent Customer,No,7,2,575,0.797,1478 Oak Valley Park,3350,VIC
Shepherd-Dutchburn,45,Male,33,Senior Sales Associate,Financial Services,High Net Worth,Yes,9,9,575,0.797,8970 Anhalt Junction,2160,NSW
Berenice-Kaesmakers,27,Female,64,Sales Representative,Retail,Mass Customer,No,11,9,575,0.797,563 Waywood Park,2145,NSW
Cordi-Thornton,48,Female,47,Structural Engineer,Telecommunications,Mass Customer,No,11,10,575,0.797,2978 Mccormick Center,2028,NSW
Debbie-Tillman,31,Female,3,Account Coordinator,Manufacturing,High Net Worth,Yes,13,8,582,0.79,527 Jay Trail,4551,QLD
Flin-Yoskowitz,26,Male,9,Registered Nurse,Health,Mass Customer,Yes,11,7,583,0.788,9940 Manley Drive,2574,NSW
Noel-Sturch,70,Female,26,Environmental Specialist,Health,Mass Customer,No,10,1,583,0.788,0736 West Crossing,3585,VIC
Letizia-Poore,83,Female,27,Web Developer II,Manufacturing,Affluent Customer,No,15,3,583,0.788,95796 Mcbride Drive,3677,VIC
Kiley-Grunder,27,Male,95,Cost Accountant,Financial Services,Affluent Customer,Yes,1,8,587,0.786,17393 Colorado Hill,4006,QLD
Ethelred-Sissel,46,Male,83,Programmer Analyst IV,Health,High Net Worth,No,18,8,587,0.786,65 Rutledge Parkway,2539,NSW
Dena-Pabst,34,Female,39,Account Executive,Manufacturing,High Net Worth,Yes,17,7,590,0.784,02023 Loeprich Drive,3037,VIC
Wyndham-Woolford,42,Male,1,Engineer IV,Manufacturing,Mass Customer,No,10,6,591,0.782,9107 Pine View Plaza,3977,VIC
Rochette-Haddacks,25,Female,44,Tax Accountant,Retail,Affluent Customer,Yes,13,8,591,0.782,822 Di Loreto Junction,3020,VIC
Jamal-Dudgeon,56,Male,83,Mechanical Systems Engineer,Financial Services,Mass Customer,No,7,5,591,0.782,2712 Namekagon Crossing,3029,VIC
Levin-Coxen,66,Male,13,Accountant I,Property,Mass Customer,No,20,8,594,0.781,32 Hazelcrest Court,2753,NSW
Marinna-Kauschke,48,Female,21,Sales Associate,Financial Services,Affluent Customer,Yes,8,3,595,0.776,9 Forster Circle,3174,VIC
Gilbert-O'Fallone,27,Male,29,Assistant Media Planner,Entertainment,High Net Worth,No,1,11,595,0.776,6 Havey Pass,2126,NSW
Chaim-Kingdon,25,Male,63,Compensation Analyst,Financial Services,Affluent Customer,Yes,15,9,599,0.775,42590 Bellgrove Court,2097,NSW
Anson-Dearnaly,24,Male,68,Data Coordiator,Health,Affluent Customer,Yes,11,11,602,0.774,6060 Veith Crossing,2103,NSW
Caitrin-Critten,48,Female,45,Director of Sales,Manufacturing,Mass Customer,Yes,10,7,603,0.77,25 Lakeland Point,4113,QLD
Rozamond-Sommer,55,Female,27,Operator,IT,Affluent Customer,Yes,12,10,604,0.765,608 Dapin Court,3129,VIC
Maximilian-Geffen,66,Male,96,Automation Specialist III,Manufacturing,Mass Customer,Yes,20,8,606,0.765,8634 Wayridge Pass,2750,NSW
Ajay-Worham,42,Female,80,Computer Systems Analyst I,Manufacturing,Mass Customer,Yes,12,6,606,0.765,5 Homewood Road,2800,NSW
Jamison-Cashin,51,Male,70,VP Product Management,Health,Mass Customer,Yes,5,8,609,0.762,7 Dunning Avenue,2477,NSW
Dorian-Emery,23,Female,94,Professor,Manufacturing,Mass Customer,Yes,9,8,609,0.762,67 Beilfuss Plaza,2168,NSW
Nicol-Swinford,45,Male,65,VP Marketing,Property,High Net Worth,No,16,7,609,0.762,976 Roxbury Alley,4157,QLD
Nev-Prosh,71,Male,29,Environmental Tech,Health,Affluent Customer,Yes,17,8,612,0.757,6115 Forest Crossing,2148,NSW
Lucius-Hatchell,70,Male,37,Media Manager II,Retail,Mass Customer,Yes,14,8,612,0.757,432 Ronald Regan Court,3782,VIC
Francisca-Pottage,64,Female,63,Software Engineer II,IT,Mass Customer,No,8,9,615,0.756,8600 Forster Lane,2177,NSW
Farlie-Brookz,58,Male,62,Administrative Assistant I,Health,Mass Customer,Yes,6,12,615,0.756,6692 Independence Way,2070,NSW
Beverlee-Ungerechts,48,Female,49,Civil Engineer,Manufacturing,Mass Customer,No,8,7,617,0.754,602 Toban Center,4020,QLD
Lek-Pimblett,66,Male,88,Product Engineer,Financial Services,Mass Customer,Yes,6,2,620,0.75,97 Merrick Center,2460,NSW
Ewell-Paulusch,23,Male,31,Engineer I,Manufacturing,Mass Customer,Yes,8,7,620,0.75,8194 Lien Street,4032,QLD
Madison-Lars,54,Male,11,Health Coach III,Health,Mass Customer,No,19,9,620,0.75,9503 New Castle Street,4500,QLD
Ardis-Taree,61,Female,97,Chemical Engineer,Manufacturing,Affluent Customer,Yes,5,9,625,0.748,0 Emmet Trail,4128,QLD
Wheeler-Godsil,28,Male,51,Geologist IV,Manufacturing,Affluent Customer,Yes,6,9,626,0.744,7 Spaight Drive,2147,NSW
Terrel-Keynd,60,Male,30,Junior Executive,Manufacturing,Mass Customer,No,9,7,626,0.744,65 David Pass,4221,QLD
Lissa-Gawn,59,Female,86,Legal Assistant,Health,Mass Customer,Yes,17,5,632,0.74,14183 Iowa Center,4503,QLD
Leisha-McConway,46,Female,3,Payment Adjustment Coordinator,Financial Services,Mass Customer,Yes,13,8,632,0.74,95 Del Mar Court,3175,VIC
Kearney-Cuddehy,24,Male,88,Marketing Assistant,Retail,Mass Customer,No,12,6,634,0.74,98 Shoshone Road,4207,QLD
Shellysheldon-Bichard,67,Male,96,Desktop Support Technician,Financial Services,Mass Customer,Yes,16,5,634,0.74,7199 Springview Parkway,4503,QLD
Reinhard-Oscroft,71,Male,23,Pharmacist,Health,High Net Worth,No,18,1,634,0.74,045 Magdeline Court,3690,VIC
Menard-Venmore,43,Male,97,Assistant Professor,Retail,High Net Worth,No,8,10,637,0.738,5 Hoard Trail,2197,NSW
Andree-Breeds,67,Female,31,Senior Editor,Financial Services,Affluent Customer,Yes,11,6,637,0.738,93 Scofield Pass,3152,VIC
Pierrette-Gummie,55,Female,18,Statistician II,Retail,Affluent Customer,No,14,8,637,0.738,29 Maple Trail,3143,VIC
Demott-Mullaly,39,Male,42,Help Desk Operator,Property,Mass Customer,No,13,8,642,0.733,28 Hazelcrest Drive,2525,NSW
Wendye-Kleinplatz,25,Female,48,Executive Secretary,Manufacturing,Affluent Customer,No,14,3,643,0.731,01 Reindahl Circle,4132,QLD
Irvin-Bevans,59,Male,82,Payment Adjustment Coordinator,Manufacturing,Mass Customer,No,12,11,644,0.73,5880 Hauk Street,2046,NSW
Austine-Speedy,81,Female,38,Software Engineer II,Argiculture,High Net Worth,Yes,14,8,646,0.73,69 Sunfield Terrace,2558,NSW
Wolf-Craft,26,Male,93,Database Administrator III,Retail,Affluent Customer,Yes,5,9,646,0.73,7513 Swallow Drive,2148,NSW
Aldin-Newsome,40,Male,24,Financial Analyst,Financial Services,Mass Customer,No,17,9,648,0.725,058 Morningstar Center,2127,NSW
Sindee-Jasik,79,Female,18,Social Worker,Health,Mass Customer,Yes,15,9,648,0.725,0689 Melby Park,4030,QLD
Truman-Arlett,63,Male,58,Technical Writer,Manufacturing,High Net Worth,Yes,16,5,648,0.725,3 Spohn Circle,2477,NSW
Leticia-Hovenden,24,Female,98,Mechanical Systems Engineer,Retail,Mass Customer,Yes,1,9,653,0.719,54782 Lake View Parkway,3178,VIC
Caritta-Compston,63,Female,86,Geological Engineer,Manufacturing,Mass Customer,Yes,17,5,653,0.719,48971 Marquette Point,3976,VIC
Annabelle-Hanwell,70,Female,11,Professor,Manufacturing,High Net Worth,Yes,15,12,655,0.717,99 Sherman Parkway,3083,VIC
Darryl-Hovee,77,Female,2,Professor,Financial Services,Mass Customer,Yes,19,12,655,0.717,381 Emmet Terrace,2047,NSW
Orly-Nesbitt,36,Female,6,Analyst Programmer,Manufacturing,High Net Worth,Yes,14,6,657,0.714,7 Beilfuss Road,3163,VIC
Nicol-Bertot,44,Female,25,Financial Advisor,Financial Services,Affluent Customer,Yes,18,5,658,0.712,7 Elgar Hill,3060,VIC
Nobe-Trowsdale,53,Male,12,Community Outreach Specialist,Financial Services,Mass Customer,No,16,3,658,0.712,36506 Bartillon Point,3816,VIC
Stephen-Tittershill,30,Male,73,Nurse Practicioner,Financial Services,High Net Worth,No,6,11,658,0.712,8 Scott Drive,3150,VIC
Giselbert-Pickring,62,Male,94,Tax Accountant,Manufacturing,Affluent Customer,Yes,20,8,662,0.712,653 2nd Park,2766,NSW
Lisette-Davers,81,Female,59,Developer III,Health,High Net Worth,No,17,11,662,0.712,504 Stuart Pass,2130,NSW
Xenia-Maleck,61,Female,41,VP Product Management,Telecommunications,Mass Customer,No,12,7,666,0.71,5 Southridge Hill,3029,VIC
Essie-Withur,80,Female,42,Director of Sales,Financial Services,High Net Worth,No,19,7,668,0.706,539 Graceland Pass,3444,VIC
Lillis-Eshmade,47,Female,50,Structural Analysis Engineer,Financial Services,Mass Customer,Yes,22,2,668,0.706,46057 Harbort Hill,4304,QLD
Ted-Izacenko,62,Male,3,Librarian,Entertainment,High Net Worth,No,9,10,668,0.706,2 Shasta Place,3130,VIC
Nixie-Shoesmith,65,Female,45,Junior Executive,Retail,Affluent Customer,No,12,6,672,0.704,77608 Donald Center,4516,QLD
Briana-Trill,77,Female,5,Health Coach III,Health,High Net Worth,No,11,11,672,0.704,0433 La Follette Road,2137,NSW
Wrennie-Dwelly,81,Female,23,Operator,Manufacturing,Mass Customer,No,18,9,674,0.703,179 Carey Terrace,3020,VIC
Sibylla-Kibble,59,Female,73,Pharmacist,Health,High Net Worth,No,12,9,676,0.701,3 Ruskin Hill,2122,NSW
Kariotta-Naper,69,Female,8,VP Sales,Health,Mass Customer,No,21,10,676,0.701,87 Crescent Oaks Alley,2756,NSW
Wylie-Huntingdon,55,Male,99,VP Quality Control,Financial Services,Mass Customer,No,15,8,676,0.701,08822 Duke Road,2763,NSW
Lizbeth-Garvan,25,Female,36,Structural Analysis Engineer,Health,Mass Customer,No,4,9,676,0.701,5 Schurz Street,2141,NSW
Averil-Ackery,51,Male,93,Sales Representative,Retail,Mass Customer,Yes,7,12,676,0.701,344 Darwin Junction,2093,NSW
Myrtie-Ostrich,25,Female,70,VP Quality Control,Property,Affluent Customer,Yes,9,7,676,0.701,320 Acker Drive,2251,NSW
Ross-Vidgen,73,Male,17,VP Sales,Retail,Affluent Customer,No,12,9,682,0.7,2874 Bay Hill,4032,QLD
Sibby-Skinner,40,Female,25,Accountant IV,Manufacturing,Mass Customer,Yes,12,7,682,0.7,3 Sunbrook Alley,4178,QLD
Selle-Casper,43,Female,98,Social Worker,Health,Mass Customer,Yes,10,1,684,0.7,34 Jay Hill,2880,NSW
Andrew-Froment,44,Male,58,Office Assistant IV,Retail,High Net Worth,No,7,2,684,0.7,78 Bluestem Road,3860,VIC
Maurizia-Ritmeyer,41,Female,95,Teacher,Entertainment,Mass Customer,Yes,3,6,684,0.7,0 Express Lane,2142,NSW
Keenan-Moriarty,26,Male,67,Actuary,Financial Services,Mass Customer,Yes,2,8,684,0.7,077 Hansons Point,4075,QLD
Davide-Senten,80,Male,22,Accounting Assistant II,Manufacturing,Mass Customer,No,11,9,688,0.697,23737 Bartillon Street,2171,NSW
Renie-Fiveash,29,Female,92,Occupational Therapist,Health,High Net Worth,No,16,4,688,0.697,2 Anniversary Trail,4508,QLD
Debby-Balmadier,29,Female,53,Administrative Assistant II,Financial Services,Affluent Customer,Yes,5,8,691,0.691,738 Spaight Drive,3216,VIC
Harvey-Dwelley,48,Male,70,Help Desk Technician,Financial Services,Affluent Customer,No,18,9,691,0.691,59846 2nd Pass,2077,NSW
Patrice-Pariss,67,Male,96,VP Accounting,Financial Services,Mass Customer,No,9,5,691,0.691,3745 Thierer Trail,4078,QLD
Arman-Yakubov,44,Male,68,VP Quality Control,Property,High Net Worth,Yes,17,4,691,0.691,11121 Jackson Crossing,2323,NSW
Gardiner-Gypps,30,Male,91,VP Product Management,Retail,Mass Customer,Yes,13,9,691,0.691,1 Elgar Alley,2166,NSW
Jillane-Simion,47,Female,8,VP Marketing,Manufacturing,High Net Worth,No,7,3,700,0.688,7 Caliangt Street,4209,QLD
Lynnell-Shoesmith,40,Female,44,Occupational Therapist,Health,High Net Worth,Yes,7,8,700,0.688,5331 Ilene Parkway,2560,NSW
Mandie-MacAdie,46,Female,39,Chief Design Engineer,Telecommunications,High Net Worth,No,13,11,700,0.688,1009 Roxbury Point,2110,NSW
Ferdinand-Billie,56,Male,97,Chemical Engineer,Manufacturing,Mass Customer,No,6,8,700,0.688,660 Carey Avenue,2759,NSW
Emeline-Vezey,68,Female,37,Dental Hygienist,Health,Affluent Customer,Yes,19,7,700,0.688,2 Golden Leaf Parkway,3759,VIC
Cissiee-Baylis,70,Female,99,Cost Accountant,Financial Services,High Net Worth,No,16,11,700,0.688,18 Dottie Park,2230,NSW
Roldan-Raybould,46,Male,27,Actuary,Financial Services,Mass Customer,No,11,8,700,0.688,85 Badeau Pass,3158,VIC
Barth-Weare,75,Male,18,Clinical Specialist,Health,Mass Customer,Yes,8,5,708,0.68,784 Lotheville Court,2541,NSW
Alta-Pithcock,22,Female,64,GIS Technical Architect,Financial Services,Mass Customer,No,2,7,708,0.68,57568 Northview Junction,2141,NSW
Marc-Keunemann,49,Male,57,Dental Hygienist,Health,Affluent Customer,Yes,14,8,708,0.68,283 Golf View Lane,2747,NSW
Bertine-Smalles,38,Female,85,VP Quality Control,Financial Services,Mass Customer,Yes,9,8,708,0.68,7 Johnson Hill,3028,VIC
Wilbert-O'Loughnan,38,Male,14,Paralegal,Financial Services,Mass Customer,Yes,6,9,708,0.68,22580 Doe Crossing Drive,4055,QLD
Miran-Runchman,46,Female,47,Nurse,Retail,Mass Customer,No,17,3,708,0.68,6634 Old Gate Parkway,4304,QLD
Dorotea-Fenwick,71,Female,74,Nurse,Financial Services,High Net Worth,No,12,11,715,0.677,72 Lukken Crossing,2016,NSW
Jenny-Massy,58,Female,82,Project Manager,Telecommunications,Mass Customer,Yes,10,2,715,0.677,6 Meadow Ridge Pass,2470,NSW
Beatrix-McGivena,55,Female,26,Assistant Manager,Health,Mass Customer,Yes,9,10,715,0.677,6 Sutherland Parkway,4879,QLD
Nalani-Hallad,22,Female,15,Environmental Specialist,Health,Affluent Customer,Yes,9,9,719,0.675,1 Oriole Crossing,3184,VIC
Inglebert-Butland,55,Male,71,Actuary,Financial Services,Mass Customer,Yes,7,9,719,0.675,51837 Canary Center,2114,NSW
Brendis-Pineaux,43,Male,12,Mechanical Systems Engineer,Manufacturing,Mass Customer,No,5,4,719,0.675,43030 Carberry Way,2560,NSW
Glendon-Malham,56,Male,36,Web Designer I,Manufacturing,Mass Customer,No,17,6,722,0.672,6 Anzinger Pass,3030,VIC
Morganica-Bentke,44,Female,40,Marketing Assistant,IT,Affluent Customer,Yes,21,11,724,0.67,19453 Ramsey Point,3067,VIC
Son-Varney,28,Male,75,Analog Circuit Design manager,Property,Mass Customer,Yes,10,7,725,0.669,189 Bayside Court,2480,NSW
Bartram-Caltun,65,Male,28,Internal Auditor,Health,Affluent Customer,Yes,12,11,725,0.669,174 Farwell Point,2121,NSW
Halette-Borsi,60,Female,60,Research Nurse,Health,Affluent Customer,Yes,16,9,725,0.669,356 Pennsylvania Point,2128,NSW
Killie-Densie,24,Male,87,Environmental Tech,IT,Mass Customer,Yes,11,10,731,0.664,62 Dryden Junction,2042,NSW
Mandi-Adamsson,29,Female,40,Programmer Analyst I,Manufacturing,Mass Customer,Yes,5,5,731,0.664,25 Westerfield Road,4165,QLD
Yardley-Matten,30,Male,35,Junior Executive,Financial Services,Mass Customer,No,15,2,733,0.662,74 Everett Court,4408,QLD
Shepperd-Leonards,40,Male,17,Chemical Engineer,Manufacturing,Mass Customer,Yes,5,9,733,0.662,38 Nobel Lane,2147,NSW
Fancie-Woofendell,55,Female,68,Research Nurse,Health,Mass Customer,Yes,6,7,733,0.662,8 Crowley Center,4212,QLD
Micheil-Fleote,46,Male,48,Civil Engineer,Manufacturing,High Net Worth,No,16,9,739,0.66,174 Lotheville Crossing,2093,NSW
Cecily-Faircley,74,Female,42,Accountant IV,IT,Affluent Customer,Yes,19,1,739,0.66,8 Bluejay Road,4301,QLD
Sinclair-Wark,47,Male,68,Financial Analyst,Financial Services,Mass Customer,Yes,11,9,741,0.659,44 Thompson Center,2134,NSW
Tomaso-Horsley,20,Male,97,Junior Executive,Financial Services,Mass Customer,Yes,10,6,741,0.659,70360 Onsgard Plaza,3977,VIC
Gilli-Christophers,73,Female,70,Database Administrator IV,Property,Affluent Customer,Yes,17,9,744,0.656,53870 Jay Pass,4575,QLD
Errick-Burgin,23,Male,87,Professor,Entertainment,Mass Customer,No,11,2,744,0.656,417 Killdeer Alley,2650,NSW
Damian-Renard,45,Male,43,Software Consultant,Retail,Affluent Customer,No,8,10,744,0.656,28 Prentice Trail,2155,NSW
Agnola-Batterson,41,Female,86,Physical Therapy Assistant,Financial Services,Mass Customer,No,7,3,747,0.654,216 Bultman Park,4305,QLD
Riki-Wandtke,59,Female,25,Librarian,Entertainment,Mass Customer,Yes,5,7,748,0.651,435 Mitchell Street,4115,QLD
Mikol-Eck,46,Male,99,VP Marketing,Financial Services,Mass Customer,Yes,21,9,748,0.651,15621 Twin Pines Crossing,4130,QLD
Phyllis-Wibberley,50,Female,7,Web Designer IV,Retail,Affluent Customer,No,11,12,750,0.65,03 Bellgrove Avenue,2066,NSW
Burt-Vasechkin,71,Male,33,Senior Sales Associate,Retail,Mass Customer,Yes,20,2,751,0.648,89100 Rusk Crossing,3338,VIC
Frederigo-Cribbott,56,Male,35,Social Worker,Health,Mass Customer,No,16,8,754,0.646,42280 Namekagon Crossing,2140,NSW
Cal-Van den Velde,25,Male,22,Senior Sales Associate,Financial Services,Affluent Customer,Yes,6,6,755,0.64,77916 Moland Park,3174,VIC
Stephani-Sidsaff,48,Female,32,Senior Quality Engineer,Financial Services,Mass Customer,Yes,6,11,755,0.64,00 Southridge Avenue,2036,NSW
Meade-Bampton,39,Male,69,Health Coach III,Health,High Net Worth,No,17,7,755,0.64,7870 Stuart Crossing,2090,NSW
Leighton-Firbanks,48,Male,51,Teacher,Retail,Affluent Customer,No,21,3,760,0.638,7234 Sycamore Pass,4178,QLD
Petr-Westman,34,Male,5,Nurse Practicioner,Property,Mass Customer,No,7,7,760,0.638,98454 Dapin Park,4556,QLD
Yorgos-Dewhurst,71,Male,6,Software Consultant,Argiculture,Affluent Customer,No,16,1,760,0.638,4 Talmadge Road,4701,QLD
Simmonds-Bapty,19,Male,52,Junior Executive,Financial Services,Affluent Customer,No,8,12,760,0.638,47 Susan Park,2025,NSW
Cazzie-Stanwix,61,Male,37,Research Assistant IV,Manufacturing,High Net Worth,Yes,11,7,760,0.638,6026 Mallory Drive,4561,QLD
Geoff-Gwillym,22,Male,89,Clinical Specialist,Health,Affluent Customer,No,8,4,760,0.638,1 Eliot Plaza,2323,NSW
Deirdre-Sturgeon,56,Female,11,VP Sales,Retail,Mass Customer,Yes,9,10,760,0.638,7 Sycamore Terrace,2232,NSW
Juliann-Siemantel,74,Female,86,Librarian,Entertainment,Mass Customer,No,22,8,760,0.638,28 Parkside Park,3046,VIC
Janaye-Eade,37,Female,23,Chief Design Engineer,Health,Affluent Customer,No,4,3,760,0.638,2782 Northridge Street,2420,NSW
Dylan-Stranio,68,Male,47,Project Manager,Manufacturing,High Net Worth,Yes,9,8,773,0.63,3662 Beilfuss Lane,2170,NSW
Mel-Rochford,32,Female,11,Assistant Professor,Retail,Mass Customer,Yes,4,9,774,0.627,56334 Vera Crossing,3013,VIC
Elvin-Trayhorn,28,Male,46,VP Accounting,Financial Services,High Net Worth,No,10,10,774,0.627,79 Sheridan Point,2231,NSW
Sonni-Milligan,33,Female,73,Budget/Accounting Analyst III,Retail,Mass Customer,Yes,14,9,774,0.627,04769 Dahle Plaza,3170,VIC
Kellina-Haygreen,55,Female,38,Librarian,Entertainment,Affluent Customer,No,18,10,778,0.625,5731 Bunker Hill Lane,2046,NSW
Therese-Brotherhood,40,Female,30,Food Chemist,Health,Mass Customer,No,10,10,780,0.624,25044 Bay Avenue,2042,NSW
Pansie-Beccero,57,Female,35,Software Test Engineer I,Financial Services,Affluent Customer,Yes,10,5,782,0.62,315 Hudson Road,4818,QLD
Reinaldos-Simmig,66,Male,55,Nurse Practicioner,Manufacturing,High Net Worth,No,8,10,782,0.62,6112 Mariners Cove Park,3147,VIC
Calhoun-Mussington,29,Male,98,Dental Hygienist,Health,Mass Customer,No,12,9,782,0.62,176 Fallview Plaza,2019,NSW
Winn-Wells,27,Male,66,Analyst Programmer,Manufacturing,Affluent Customer,No,9,10,785,0.62,544 Pawling Road,2230,NSW
Rafi-Brettelle,65,Male,89,Operator,Health,High Net Worth,No,6,10,786,0.616,11 Brickson Park Alley,2166,NSW
Verne-Loalday,39,Male,1,Marketing Assistant,IT,High Net Worth,No,7,10,788,0.612,598 Memorial Place,2082,NSW
Eleonora-Wiszniewski,41,Female,49,Financial Advisor,Financial Services,Affluent Customer,No,9,2,788,0.612,6227 Quincy Terrace,4740,QLD
Fayre-Brannigan,29,Female,32,Geological Engineer,Manufacturing,Mass Customer,Yes,9,10,788,0.612,31351 Sunbrook Place,2234,NSW
Eachelle-Noirel,47,Female,93,Registered Nurse,Health,Affluent Customer,Yes,11,6,791,0.612,80 Schiller Center,2292,NSW
Carl-Troyes,48,Male,4,Associate Professor,Property,Mass Customer,No,7,10,791,0.612,1217 Melody Alley,3109,VIC
Cordie-Brankley,67,Female,79,Librarian,Entertainment,High Net Worth,No,18,6,793,0.611,46 Westerfield Place,2195,NSW
Jackie-Pays,66,Male,21,Developer I,Health,Mass Customer,No,9,12,794,0.606,75024 Ronald Regan Hill,2135,NSW
Carroll-Schlagman,70,Female,61,Clinical Specialist,Health,Affluent Customer,No,13,9,795,0.604,15 Fisk Road,2099,NSW
Frans-Idale,52,Male,1,Nurse,Manufacturing,Mass Customer,No,10,2,795,0.604,96 Hermina Place,4350,QLD
Amara-Clow,55,Female,47,Biostatistician IV,Financial Services,Mass Customer,Yes,13,12,797,0.6,99376 Namekagon Street,3101,VIC
Anthony-Morison,83,Male,7,General Manager,Health,Mass Customer,No,12,9,797,0.6,276 Derek Circle,2759,NSW
Cherye-Stanfield,40,Female,0,Environmental Tech,Manufacturing,Affluent Customer,No,13,9,797,0.6,56766 Mariners Cove Place,2256,NSW
Ansell-Tolhurst,72,Male,77,Chemical Engineer,Manufacturing,Affluent Customer,No,22,10,797,0.6,13 Montana Place,2232,NSW
Rosene-Beckey,47,Female,25,Account Executive,Health,Mass Customer,Yes,14,11,801,0.598,02463 Portage Center,2107,NSW
Darlleen-Shalcras,41,Female,77,Health Coach I,Health,Mass Customer,No,11,10,801,0.598,383 Graceland Avenue,2010,NSW
Bryon-Goundry,70,Male,79,Marketing Manager,Manufacturing,Mass Customer,No,21,5,804,0.595,005 Kensington Street,4165,QLD
Luci-Dyter,69,Female,12,Software Test Engineer I,Manufacturing,High Net Worth,No,20,7,804,0.595,2 Namekagon Trail,3981,VIC
Sloan-Pudney,57,Male,83,Junior Executive,Financial Services,Affluent Customer,No,16,9,804,0.595,6771 Pleasure Terrace,4557,QLD
Otes-Elegood,81,Male,67,Programmer III,Financial Services,High Net Worth,No,21,11,808,0.595,2632 Del Mar Point,2226,NSW
Davie-Blay,36,Male,94,Financial Analyst,Financial Services,Mass Customer,No,8,7,808,0.595,7021 5th Alley,2770,NSW
Meade-McReedy,53,Female,94,Safety Technician IV,Financial Services,Affluent Customer,Yes,9,10,810,0.588,04153 Johnson Point,2193,NSW
Rikki-Chaffey,76,Male,69,Chemical Engineer,Manufacturing,Mass Customer,No,20,1,810,0.588,9 Spohn Way,4127,QLD
Adria-Van den Velde,43,Female,39,Nuclear Power Engineer,Manufacturing,Affluent Customer,Yes,9,7,810,0.588,6030 Becker Plaza,2261,NSW
Rowen-Sollas,61,Male,38,Dental Hygienist,Health,Mass Customer,No,5,8,817,0.586,4 Anzinger Street,4556,QLD
Boothe-Hayselden,81,Male,42,Computer Systems Analyst III,Health,Mass Customer,Yes,17,10,817,0.586,33 Pond Point,2291,NSW
Noak-Sleany,56,Male,1,Budget/Accounting Analyst I,Financial Services,Affluent Customer,No,17,10,817,0.586,1 Roth Plaza,3121,VIC
Callean-Wass,33,Male,65,GIS Technical Architect,Financial Services,Affluent Customer,No,14,8,820,0.584,0593 Stoughton Center,3073,VIC
Keelby-Sudlow,33,Male,96,Marketing Assistant,Manufacturing,High Net Worth,No,12,8,820,0.584,8042 Cherokee Court,3163,VIC
Rodrique-Vernon,43,Male,70,Budget/Accounting Analyst III,Manufacturing,Affluent Customer,No,17,8,820,0.584,5864 Mcbride Trail,3174,VIC
Manny-Mandy,44,Male,36,Account Representative III,Argiculture,Mass Customer,No,16,7,820,0.584,6 Union Center,4280,QLD
Becky-Lassen,48,Female,11,Sales Associate,Financial Services,Mass Customer,Yes,7,8,820,0.584,41153 Pond Park,2251,NSW
Tessa-Heakey,50,Female,43,Senior Financial Analyst,Financial Services,Mass Customer,No,9,6,820,0.584,6233 Fulton Point,3337,VIC
Renate-Whyte,58,Female,60,Registered Nurse,Health,High Net Worth,Yes,15,7,828,0.58,4189 Laurel Center,2620,NSW
Toma-Woolforde,29,Female,67,Cost Accountant,Financial Services,Mass Customer,Yes,5,12,830,0.578,76 Melody Avenue,2092,NSW
Dorie-Dunleavy,59,Female,24,Registered Nurse,Health,Affluent Customer,No,12,4,830,0.578,1 Mcguire Lane,3356,VIC
Ellie-Toope,48,Female,29,Staff Accountant III,Property,High Net Worth,Yes,4,11,832,0.575,8734 Fulton Hill,2156,NSW
Teodor-Mullinder,59,Male,56,Nuclear Power Engineer,Manufacturing,High Net Worth,No,11,5,832,0.575,43 Pond Junction,3216,VIC
Jared-Fendlow,58,Male,79,Media Manager II,Financial Services,Mass Customer,No,15,7,832,0.575,6195 Bellgrove Lane,4211,QLD
Andy-Deeming,42,Male,79,Payment Adjustment Coordinator,Manufacturing,Affluent Customer,Yes,7,8,832,0.575,63386 Talisman Hill,4556,QLD
Catha-Davitt,63,Female,79,Environmental Specialist,Property,High Net Worth,Yes,6,7,843,0.57,192 South Junction,2567,NSW
Melosa-McOwan,20,Female,25,Compensation Analyst,Financial Services,Mass Customer,No,12,9,843,0.57,900 Victoria Way,2211,NSW
Maris-Leete,48,Female,21,Engineer IV,Retail,Mass Customer,No,7,4,845,0.563,06 Main Alley,4300,QLD
Wilburt-Padden,27,Male,22,Engineer I,Manufacturing,Mass Customer,No,3,5,845,0.563,22 Muir Avenue,2148,NSW
Guilbert-Bearns,39,Male,42,Financial Analyst,Financial Services,Mass Customer,Yes,5,8,845,0.563,47776 Packers Street,3226,VIC
Meridith-Urwin,24,Female,62,Registered Nurse,Health,High Net Worth,Yes,10,7,845,0.563,535 Graedel Circle,2444,NSW
Gerta-Porrett,62,Female,46,Registered Nurse,Health,High Net Worth,No,12,2,851,0.562,074 Badeau Crossing,3250,VIC
Karrah-Howell,65,Female,63,Civil Engineer,Manufacturing,Mass Customer,No,17,9,851,0.562,4897 Melody Road,2566,NSW
Alick-Baise,23,Male,62,Pharmacist,Health,Mass Customer,Yes,1,8,851,0.562,096 Gateway Road,2747,NSW
Casandra-Betteridge,79,Female,29,Cost Accountant,Financial Services,Affluent Customer,Yes,9,10,854,0.561,68 Bluestem Center,3166,VIC
Maurine-Clee,41,Female,45,Automation Specialist II,Property,High Net Worth,Yes,5,10,854,0.561,6 Maple Plaza,2042,NSW
Darwin-Bumpas,42,Male,24,Junior Executive,Health,Affluent Customer,Yes,18,7,856,0.56,6812 Gina Point,3082,VIC
Hayes-Daveren,68,Male,32,VP Quality Control,Manufacturing,Affluent Customer,Yes,11,2,856,0.56,1 Becker Parkway,4350,QLD
Piper-Issacov,82,Female,67,Human Resources Assistant III,Health,Affluent Customer,Yes,22,9,856,0.56,52201 Tony Avenue,2088,NSW
Markus-Pendrey,62,Male,88,Clinical Specialist,Health,Affluent Customer,Yes,12,10,859,0.558,2382 Anthes Crossing,2153,NSW
Sile-Zappel,63,Female,47,Business Systems Development Analyst,IT,High Net Worth,No,15,6,859,0.558,44350 Buell Alley,4018,QLD
Craggy-Happel,42,Male,37,Marketing Manager,Manufacturing,High Net Worth,Yes,8,6,859,0.558,23 Del Sol Alley,3064,VIC
Egor-Mariette,41,Male,42,Financial Advisor,Financial Services,Affluent Customer,No,3,7,862,0.552,79 Mockingbird Plaza,3163,VIC
Reinald-Bembrigg,68,Male,54,Senior Financial Analyst,Financial Services,Affluent Customer,No,10,7,862,0.552,858 Portage Hill,2770,NSW
Kissie-Line,21,Female,2,Environmental Tech,Manufacturing,Affluent Customer,Yes,7,9,862,0.552,629 Grasskamp Junction,2200,NSW
Quentin-Gerleit,31,Female,32,Associate Professor,Manufacturing,Mass Customer,No,4,8,865,0.55,88 Aberg Circle,3806,VIC
Karoly-Burgoine,74,Male,57,Account Representative IV,Health,High Net Worth,Yes,21,2,865,0.55,18 Morning Circle,3012,VIC
Clarine-Piecha,57,Female,99,Dental Hygienist,Health,High Net Worth,No,14,10,865,0.55,7523 Eggendart Hill,4151,QLD
Clemmie-Bartoszewicz,63,Female,87,Statistician IV,Financial Services,Mass Customer,No,8,9,865,0.55,727 Morrow Parkway,3197,VIC
Randall-Mason,47,Male,95,Product Engineer,Health,Mass Customer,Yes,12,11,870,0.544,83497 Memorial Plaza,2570,NSW
Donica-Humby,54,Female,47,Senior Cost Accountant,Financial Services,Mass Customer,No,4,12,871,0.542,488 Briar Crest Court,2101,NSW
Lotty-Loach,60,Female,76,Nurse,Health,High Net Worth,Yes,7,3,871,0.542,78451 South Street,2380,NSW
Marie-jeanne-Breawood,68,Female,37,Clinical Specialist,Health,High Net Worth,No,8,6,871,0.542,6 Prairieview Pass,2770,NSW
Rodolphe-Glenton,47,Male,88,Programmer Analyst II,Financial Services,Affluent Customer,No,11,7,871,0.542,4787 Golf Terrace,3163,VIC
Thorvald-Duckerin,26,Male,58,Electrical Engineer,Manufacturing,Affluent Customer,Yes,1,8,871,0.542,4 Pine View Junction,3021,VIC
Paulina-Iannuzzelli,65,Female,57,Automation Specialist I,Manufacturing,Mass Customer,No,19,11,877,0.54,097 Hollow Ridge Alley,2118,NSW
Ricki-Padefield,73,Male,43,Automation Specialist III,Manufacturing,Affluent Customer,Yes,13,9,877,0.54,860 Barby Lane,4275,QLD
Lizette-McKeaveney,27,Female,30,Assistant Manager,Health,High Net Worth,Yes,13,10,879,0.538,6412 Butternut Road,2050,NSW
Jeno-Strafford,80,Male,67,Tax Accountant,Financial Services,High Net Worth,No,7,9,879,0.538,891 Sachtjen Hill,4170,QLD
Raleigh-Pont,57,Male,48,Associate Professor,Entertainment,Mass Customer,No,14,7,883,0.531,7650 Gulseth Parkway,3139,VIC
Zachariah-Meininking,83,Male,40,Cost Accountant,Financial Services,Affluent Customer,Yes,20,7,883,0.531,24815 Lindbergh Avenue,2749,NSW
Lesley-Garey,27,Male,52,Software Consultant,Telecommunications,Mass Customer,No,11,9,883,0.531,924 Lindbergh Court,2226,NSW
Adriena-Giffin,64,Female,27,Analog Circuit Design manager,Argiculture,Affluent Customer,Yes,5,9,888,0.525,1 Manitowish Court,2259,NSW
Shay-Briand,65,Male,57,Project Manager,IT,Mass Customer,Yes,9,1,888,0.525,1 Mandrake Way,3844,VIC
Karney-Burstow,49,Male,51,Design Engineer,Property,Mass Customer,Yes,6,12,888,0.525,4011 Prairieview Court,2031,NSW
Latrena-Yetts,22,Female,11,Civil Engineer,Manufacturing,High Net Worth,Yes,15,3,893,0.521,53877 Dakota Crossing,2871,NSW
Kelcie-Kingaby,21,Female,54,Systems Administrator II,IT,Mass Customer,Yes,6,4,893,0.521,0 Summit Center,4019,QLD
Fabio-Commuzzo,60,Male,5,Software Test Engineer II,Manufacturing,Mass Customer,No,18,8,896,0.52,66 Shopko Circle,3806,VIC
Heall-Andrioli,80,Male,46,Environmental Tech,IT,Affluent Customer,Yes,7,5,896,0.52,370 Eastwood Road,4133,QLD
Rickert-Brasted,62,Male,47,Staff Scientist,Health,Mass Customer,No,10,9,898,0.512,20 Hoffman Park,2145,NSW
Hedwig-Jayme,69,Female,38,Accountant IV,Property,Affluent Customer,No,11,10,899,0.51,6293 Hooker Point,2099,NSW
Andriana-Gosnoll,57,Female,53,Chief Design Engineer,Manufacturing,Mass Customer,No,8,10,899,0.51,900 Brown Junction,2291,NSW
Nilson-Wiggam,25,Male,48,Paralegal,Financial Services,Mass Customer,No,9,6,903,0.501,8845 Spaight Way,3049,VIC
Denny-Spleving,48,Female,84,Business Systems Development Analyst,Manufacturing,Affluent Customer,Yes,5,8,904,0.5,85420 Myrtle Road,2114,NSW
Olia-O' Mullan,48,Female,77,Account Executive,Health,Mass Customer,No,8,7,904,0.5,6315 Mendota Parkway,2263,NSW
Shaw-MacEvilly,21,Male,10,Software Test Engineer III,Health,Affluent Customer,No,16,9,904,0.5,34020 Sheridan Park,2768,NSW
Brook-Eade,64,Female,65,Sales Representative,Retail,Mass Customer,Yes,8,5,904,0.5,58 Meadow Valley Court,2330,NSW
Dolorita-Strutton,30,Female,7,General Manager,Manufacturing,Affluent Customer,No,17,8,904,0.5,07 Acker Pass,3178,VIC
Harman-A'field,60,Male,39,Geologist III,Manufacturing,Affluent Customer,Yes,6,5,913,0.499,31815 Vermont Drive,4227,QLD
Ilise-Clissold,34,Female,58,Developer IV,Entertainment,High Net Worth,No,9,10,913,0.499,659 Comanche Plaza,2153,NSW
Julita-Prene,42,Female,14,Chemical Engineer,Manufacturing,High Net Worth,Yes,13,2,913,0.499,5 Myrtle Junction,4128,QLD
Ashlen-Willbond,37,Female,64,Software Consultant,Health,High Net Worth,No,16,8,913,0.499,723 Grayhawk Way,3934,VIC
Keely-Bointon,33,Female,71,Nurse,Telecommunications,High Net Worth,No,3,9,913,0.499,55 Dorton Point,4154,QLD
Poul-Gaskin,71,Male,78,Help Desk Operator,Telecommunications,High Net Worth,No,17,2,920,0.493,9 Killdeer Circle,2643,NSW
Rubia-Evetts,31,Female,59,Pharmacist,Health,Mass Customer,No,16,9,921,0.49,64213 Miller Point,2071,NSW
Francklin-Cross,40,Male,51,Teacher,Property,Mass Customer,Yes,3,10,921,0.49,24593 Jackson Parkway,2231,NSW
Lezlie-Clemits,48,Female,2,Senior Cost Accountant,Financial Services,Mass Customer,Yes,15,10,924,0.489,0504 Nevada Drive,2155,NSW
Kathe-Oller,62,Female,47,General Manager,Manufacturing,Mass Customer,Yes,5,4,926,0.484,817 Loftsgordon Road,3029,VIC
Dulce-Bradwell,64,Female,61,Research Associate,Manufacturing,Mass Customer,No,20,9,926,0.484,30 Lukken Point,4159,QLD
Felice-Dechelette,23,Male,75,Librarian,Entertainment,High Net Worth,No,3,4,928,0.48,4 Kingsford Trail,4051,QLD
Joane-Caldes,43,Female,84,Senior Cost Accountant,Financial Services,High Net Worth,Yes,13,7,928,0.48,42 3rd Plaza,2250,NSW
Ogdan-Blenkinship,70,Male,65,Occupational Therapist,Health,Mass Customer,Yes,21,5,930,0.478,21712 Texas Court,3429,VIC
Kizzee-Agget,45,Female,98,Statistician II,Manufacturing,Affluent Customer,No,8,10,930,0.478,122 Marcy Park,2213,NSW
Stephi-Highton,34,Female,30,Software Engineer I,Telecommunications,Mass Customer,Yes,12,10,930,0.478,293 Mendota Park,2154,NSW
Martino-Scoles,46,Male,18,Senior Financial Analyst,Financial Services,Mass Customer,No,14,4,930,0.478,47 Scofield Junction,3620,VIC
Morgen-Newport,61,Female,5,Project Manager,Manufacturing,Mass Customer,No,6,4,930,0.478,9 Washington Center,3340,VIC
Eugenie-Brinson,58,Female,79,Assistant Media Planner,Entertainment,Mass Customer,Yes,17,6,936,0.476,7109 Grayhawk Avenue,3073,VIC
Reinold-Natt,57,Male,16,Help Desk Technician,Financial Services,High Net Worth,Yes,8,8,937,0.47,70 Evergreen Hill,3207,VIC
Jo-Roberts,76,Female,41,Paralegal,Financial Services,High Net Worth,Yes,11,3,937,0.47,20139 Lakewood Plaza,2440,NSW
Jacklin-Duchant,81,Female,77,Legal Assistant,Argiculture,Mass Customer,No,17,4,939,0.468,9 Memorial Road,4132,QLD
Colas-Gabbitas,75,Male,98,Staff Scientist,Retail,High Net Worth,No,20,9,939,0.468,3094 Elka Place,2166,NSW
Claudetta-Ricciardiello,47,Female,61,Internal Auditor,Financial Services,Mass Customer,Yes,21,8,939,0.468,31 Schurz Parkway,3181,VIC
Cicily-Hast,50,Female,63,Food Chemist,Health,Affluent Customer,Yes,8,3,939,0.468,955 Burning Wood Way,2478,NSW
Harland-Messenger,47,Male,90,Software Test Engineer I,Retail,Mass Customer,No,8,10,944,0.46,27 Crownhardt Center,3934,VIC
Sim-Constantinou,29,Male,91,Analog Circuit Design manager,Property,Mass Customer,No,5,9,944,0.46,41002 Loomis Park,2010,NSW
Shanon-Rolfe,80,Female,63,Sales Representative,Retail,High Net Worth,No,8,7,944,0.46,10 Cottonwood Point,2530,NSW
Chryste-Oddboy,33,Female,44,Software Engineer III,Manufacturing,High Net Worth,Yes,4,9,947,0.459,2115 Maryland Alley,2320,NSW
Edin-Patinkin,29,Female,35,Account Executive,Health,Mass Customer,No,17,4,948,0.457,6 Milwaukee Hill,3015,VIC
Nolly-Ivanchikov,27,Male,13,Help Desk Operator,Manufacturing,High Net Worth,Yes,11,11,948,0.457,6792 Kropf Hill,2049,NSW
Michele-Pammenter,38,Male,23,Teacher,Health,High Net Worth,No,2,8,948,0.457,37 Mesta Road,3198,VIC
Philbert-Bangs,55,Male,67,Environmental Specialist,IT,Mass Customer,Yes,6,7,951,0.45,02643 Moose Court,4500,QLD
Maximilien-Bourget,52,Male,12,Geologist I,Financial Services,Mass Customer,Yes,6,7,956,0.446,2941 Loftsgordon Hill,3337,VIC
Benedikta-Naptin,26,Female,59,Operator,Retail,Mass Customer,Yes,15,11,956,0.446,345 Fieldstone Park,2121,NSW
Afton-Andrassy,23,Female,78,Web Designer II,Retail,Mass Customer,No,7,8,956,0.446,220 Cody Alley,3075,VIC
Sonia-Dunstall,46,Female,0,Accountant III,Financial Services,Mass Customer,No,10,9,960,0.442,99 Park Meadow Hill,2570,NSW
Benedikt-Adamou,34,Male,15,Recruiting Manager,Health,Mass Customer,No,11,3,960,0.442,4 Bluestem Pass,3564,VIC
Don-Spratling,52,Male,82,Associate Professor,Property,Affluent Customer,Yes,7,10,963,0.44,078 Erie Point,2760,NSW
Moll-Ogilby,41,Female,25,Research Assistant III,Manufacturing,Mass Customer,Yes,13,6,963,0.44,6 Hansons Crossing,4123,QLD
Jammie-Seldner,46,Female,42,Human Resources Manager,Health,Mass Customer,Yes,15,10,963,0.44,8 Saint Paul Junction,2066,NSW
Inglis-Pickaver,27,Male,33,Product Engineer,Telecommunications,Affluent Customer,No,1,8,963,0.44,14067 Armistice Plaza,2770,NSW
Clarabelle-Broschek,58,Female,6,Geological Engineer,Manufacturing,Mass Customer,No,18,6,967,0.436,8491 Pennsylvania Crossing,4035,QLD
Tillie-Bisseker,61,Female,74,Civil Engineer,Manufacturing,High Net Worth,No,14,12,967,0.436,59208 Barnett Avenue,2104,NSW
Irving-Babcock,35,Male,60,Dental Hygienist,Health,High Net Worth,Yes,15,1,967,0.436,36 Killdeer Crossing,2705,NSW
Evered-Gludor,70,Male,3,Electrical Engineer,Manufacturing,High Net Worth,Yes,15,8,967,0.436,305 Sloan Junction,2168,NSW
Mavra-Finan,54,Female,30,Nurse,Property,Affluent Customer,Yes,4,9,967,0.436,88 Shopko Way,2034,NSW
Alex-Patshull,55,Female,37,Senior Quality Engineer,Retail,Mass Customer,Yes,13,5,974,0.425,446 High Crossing Way,4165,QLD
Aundrea-Outridge,20,Female,77,Structural Engineer,Financial Services,Affluent Customer,Yes,10,12,974,0.425,1530 Columbus Lane,3186,VIC
Esme-Pilipets,54,Male,15,Environmental Tech,Health,Mass Customer,Yes,5,9,977,0.42,9 Ruskin Way,3228,VIC
Beverly-Domnick,83,Female,56,Structural Analysis Engineer,IT,Mass Customer,No,9,10,977,0.42,8 Burning Wood Junction,2232,NSW
Artemis-Swanson,44,Male,77,Web Designer II,Argiculture,Mass Customer,Yes,13,5,979,0.416,5 Melvin Park,3810,VIC
Daryle-Marginson,35,Male,93,Environmental Tech,Argiculture,Mass Customer,Yes,9,12,979,0.416,21316 Ohio Place,2121,NSW
Leona-Shorrock,70,Female,83,Senior Quality Engineer,Financial Services,Affluent Customer,Yes,22,1,979,0.416,1560 Grim Avenue,4720,QLD
Bertrando-Carass,65,Male,45,Sales Associate,Property,Mass Customer,No,8,5,983,0.41,1 Quincy Road,2565,NSW
Lauralee-Fudge,34,Female,83,Research Nurse,Health,Mass Customer,No,15,4,985,0.408,9460 Monument Park,3277,VIC
Consalve-Ballay,62,Male,41,Web Developer I,IT,Mass Customer,Yes,7,8,987,0.4,72 Village Terrace,2250,NSW
Lolly-Prewer,24,Female,44,Geologist I,Health,Mass Customer,No,15,7,988,0.4,694 Coolidge Center,2620,NSW
Vyky-Pegg,78,Female,64,Quality Control Specialist,Manufacturing,Mass Customer,Yes,11,7,988,0.4,31854 Anniversary Terrace,2322,NSW
Jermaine-Bagshawe,67,Female,60,Help Desk Operator,Property,Mass Customer,Yes,9,6,988,0.4,260 Briar Crest Drive,4209,QLD
Bryan-Jachtym,47,Male,59,Automation Specialist I,Manufacturing,Mass Customer,Yes,15,3,988,0.4,56 Moland Crossing,3356,VIC
Renie-Laundon,48,Female,32,Assistant Media Planner,Entertainment,Mass Customer,Yes,8,3,993,0.391,1 Shelley Pass,4118,QLD
Weidar-Etheridge,62,Male,38,Compensation Analyst,Financial Services,Mass Customer,Yes,6,4,994,0.382,0535 Jay Point,2422,NSW
Datha-Fishburn,31,Female,15,Office Assistant IV,Retail,Mass Customer,No,3,12,994,0.382,6 Caliangt Way,3079,VIC
Ferdinand-Romanetti,62,Male,60,Paralegal,Financial Services,Affluent Customer,No,9,7,996,0.374,2 Sloan Way,2200,NSW
Burk-Wortley,20,Male,22,Senior Sales Associate,Health,Mass Customer,No,6,10,997,0.357,04 Union Crossing,2196,NSW
Melloney-Temby,67,Female,17,Budget/Accounting Analyst IV,Financial Services,Affluent Customer,Yes,15,2,997,0.357,33475 Fair Oaks Junction,4702,QLD
Dickie-Cubbini,69,Male,30,Financial Advisor,Financial Services,Mass Customer,Yes,19,2,997,0.357,57666 Victoria Way,4215,QLD
Sylas-Duffill,66,Male,56,Staff Accountant IV,Property,Mass Customer,Yes,14,9,1000,0.34,21875 Grover Drive,2010,NSW
